Child Mortality Estimates,,,,,,,,,,,,,,,,,,,,,,,,,
Sex-specific under-five mortality rate,,,,,,,,,,,,,,,,,,,,,,,,,
Estimates generated by the UN Inter-agency Group for Child Mortality Estimation (IGME) in 2015,,,,,,,,,,,,,,,,,,,,,,,,,
downloaded from http://www.childmortality.org,,,,,,,,,,,,,,,,,,,,,,,,,
Last update: 9 Sep 2015,,,,,,,,,,,,,,,,,,,,,,,,,
Contact: childmortality@unicef.org,,,,,,,,,,,,,,,,,,,,,,,,,
ISO Code,Country,"Uncertainty 
bounds*",Male,,,,Female,,,,Sex Ratio,,,,P factor**,,,,,,,,,,
,,,1990,2000,2010,2015,1990,2000,2010,2015,1990,2000,2010,2015,1990,2000,2010,2015,,,,,,,
AFG,Afghanistan,Lower,117.1,92.9,70.3,55.8,105,82.5,62.7,49.3,1.05,1.07,1.06,1.06,0.91,0.91,0.89,0.89,,,,,,,
AFG,Afghanistan,Median,128.8,100.8,79.3,70.3,115.8,89.7,70.7,62.1,1.11,1.12,1.12,1.13,0.96,0.96,0.95,0.95,,,,,,,
AFG,Afghanistan,Upper,143,109.8,89.9,89.2,128.4,97.9,80.4,78.8,1.17,1.18,1.18,1.21,1.01,1,1,1.01,,,,,,,
AGO,Angola,Lower,128.1,121.5,87.3,66,109.4,104,74.6,56.8,1.08,1.08,1.08,1.08,0.94,0.93,0.93,0.92,,,,,,,
AGO,Angola,Median,143.4,137.8,117.9,103.7,123.2,118.1,100.6,87.9,1.17,1.17,1.17,1.18,1.01,1.01,1.01,1.01,,,,,,,
AGO,Angola,Upper,162.6,157.5,158.7,161.8,139.8,135,135.4,137.8,1.26,1.27,1.28,1.28,1.09,1.09,1.09,1.1,,,,,,,
ALB,Albania,Lower,34.2,22,10.7,7.7,27.8,17.7,8.7,6.2,1.13,1.14,1.14,1.13,0.92,0.91,0.91,0.91,,,,,,,
ALB,Albania,Median,38.6,25.6,16.4,13.7,31.5,20.7,13.2,11.2,1.23,1.24,1.24,1.23,1,0.99,0.99,0.99,,,,,,,
ALB,Albania,Upper,43.3,29.8,24.9,24.4,35.5,24.2,19.9,19.9,1.33,1.34,1.35,1.34,1.08,1.07,1.08,1.08,,,,,,,
AND,Andorra,Lower,5,3.3,1.9,1.4,4,2.7,1.6,1.2,1.12,1.09,1.09,1.09,0.92,0.92,0.91,0.91,,,,,,,
AND,Andorra,Median,8.3,4.2,2.7,2.3,6.7,3.5,2.2,1.9,1.23,1.19,1.19,1.19,1,1,1,1,,,,,,,
AND,Andorra,Upper,14,5.5,3.9,3.8,11.4,4.6,3.2,3.2,1.34,1.31,1.31,1.31,1.09,1.1,1.1,1.1,,,,,,,
ARE,United Arab Emirates,Lower,13.4,9.9,7.7,5.6,10.5,7.8,6.1,4.6,1.18,1.16,1.14,1.12,0.95,0.94,0.93,0.93,,,,,,,
ARE,United Arab Emirates,Median,15.8,10.6,8,6.4,12.4,8.4,6.5,5.2,1.28,1.26,1.24,1.23,1.02,1.02,1.02,1.02,,,,,,,
ARE,United Arab Emirates,Upper,18.5,11.4,8.4,7.3,14.5,9.1,6.9,6,1.39,1.38,1.35,1.34,1.11,1.11,1.11,1.11,,,,,,,
ARG,Argentina,Lower,26.7,19.6,14.1,10.8,21.1,15.7,11.4,8.9,1.24,1.23,1.21,1.17,0.99,0.98,0.97,0.95,,,,,,,
ARG,Argentina,Median,27.2,20,14.4,12.2,21.5,16,11.6,10,1.26,1.25,1.23,1.22,1.01,1,0.99,0.98,,,,,,,
ARG,Argentina,Upper,27.7,20.4,14.7,13.7,22,16.3,11.9,11.3,1.28,1.27,1.26,1.27,1.03,1.02,1.01,1.02,,,,,,,
ARM,Armenia,Lower,42.7,26.4,15,10.6,34.4,21.1,12,8.5,1.14,1.15,1.15,1.14,0.94,0.93,0.92,0.92,,,,,,,
ARM,Armenia,Median,46.8,29.4,17.9,13.9,38,23.6,14.3,11.1,1.23,1.25,1.25,1.25,1.01,1,1,1,,,,,,,
ARM,Armenia,Upper,51.3,32.5,21.2,18.1,41.8,26.2,17,14.6,1.33,1.35,1.36,1.36,1.09,1.08,1.09,1.09,,,,,,,
ATG,Antigua & Barbuda,Lower,19,13.6,6.8,4.3,15.2,10.8,5.5,3.5,1.14,1.14,1.11,1.1,0.91,0.91,0.91,0.91,,,,,,,
ATG,Antigua & Barbuda,Median,26.5,15.2,8.4,6.3,21.2,12.2,6.9,5.2,1.25,1.25,1.22,1.21,1,1,1,1,,,,,,,
ATG,Antigua & Barbuda,Upper,37.5,17.1,10.4,9.3,29.9,13.7,8.6,7.8,1.37,1.37,1.34,1.32,1.1,1.1,1.1,1.1,,,,,,,
AUS,Australia,Lower,8.3,5.5,4.4,3,6.5,4.5,3.5,2.5,1.24,1.2,1.19,1.16,1.01,1,0.99,0.97,,,,,,,
AUS,Australia,Median,8.5,5.6,4.5,3.3,6.6,4.6,3.6,2.7,1.27,1.23,1.23,1.21,1.04,1.03,1.03,1.02,,,,,,,
AUS,Australia,Upper,8.6,5.8,4.6,3.5,6.8,4.7,3.7,2.9,1.31,1.27,1.27,1.27,1.07,1.07,1.07,1.06,,,,,,,
AUT,Austria,Lower,8.6,4.8,3.8,2.8,6.8,3.9,3.1,2.3,1.22,1.17,1.17,1.15,0.99,0.98,0.98,0.97,,,,,,,
AUT,Austria,Median,8.9,5,4,3.1,7,4.1,3.2,2.6,1.26,1.22,1.22,1.22,1.03,1.02,1.03,1.02,,,,,,,
AUT,Austria,Upper,9.2,5.2,4.2,3.5,7.3,4.3,3.4,2.9,1.31,1.27,1.28,1.28,1.07,1.07,1.08,1.08,,,,,,,
AZE,Azerbaijan,Lower,74.3,57.9,27,18.9,62.9,50.6,23.9,16.3,1.11,1.07,1.06,1.07,0.94,0.9,0.86,0.86,,,,,,,
AZE,Azerbaijan,Median,81.6,64.6,36,29.8,69.1,56.5,31.7,25.8,1.18,1.14,1.13,1.16,1,0.96,0.92,0.93,,,,,,,
AZE,Azerbaijan,Upper,89.4,71.7,47.2,47.6,75.8,63.2,41.7,41.4,1.25,1.21,1.21,1.24,1.06,1.02,0.98,1,,,,,,,
BDI,Burundi,Lower,104.4,92.2,54.1,39.7,84.3,74.5,43.5,31.8,1.16,1.16,1.16,1.16,1,0.99,0.97,0.97,,,,,,,
BDI,Burundi,Median,114.6,102.9,70.6,60,92.8,83.5,56.8,48,1.24,1.23,1.24,1.25,1.06,1.05,1.05,1.04,,,,,,,
BDI,Burundi,Upper,126,115.1,91.4,90.2,102.1,93.4,73.7,72.5,1.32,1.31,1.34,1.35,1.13,1.12,1.12,1.12,,,,,,,
BEL,Belgium,Lower,9.2,5.1,3.9,3.3,6.9,4,3.1,2.6,1.29,1.23,1.21,1.19,1.05,1.02,1.01,1,,,,,,,
BEL,Belgium,Median,9.5,5.3,4,3.6,7.1,4.2,3.2,2.9,1.33,1.27,1.26,1.25,1.09,1.06,1.06,1.05,,,,,,,
BEL,Belgium,Upper,9.7,5.5,4.2,4,7.3,4.3,3.3,3.2,1.37,1.32,1.31,1.32,1.12,1.11,1.1,1.11,,,,,,,
BEN,Benin,Lower,108.5,89,66,55.9,94.6,77.7,57.2,48.1,1.1,1.09,1.08,1.09,0.94,0.93,0.91,0.91,,,,,,,
BEN,Benin,Median,115.2,95.1,75.9,68.9,100.5,83.3,65.8,59.2,1.15,1.14,1.16,1.16,0.98,0.97,0.97,0.98,,,,,,,
BEN,Benin,Upper,122.4,101.8,85.5,85.4,106.9,89.4,74.1,73.7,1.19,1.2,1.23,1.25,1.03,1.02,1.04,1.05,,,,,,,
BFA,Burkina Faso,Lower,104.5,97.4,69.5,57.2,89.3,83.7,58.7,47.9,1.12,1.11,1.11,1.11,0.96,0.95,0.94,0.93,,,,,,,
BFA,Burkina Faso,Median,110.2,103.2,75.2,66,94.2,88.9,63.8,55.6,1.17,1.16,1.18,1.19,1,0.99,0.99,0.99,,,,,,,
BFA,Burkina Faso,Upper,115.9,109.4,81.9,77.6,99.5,94.2,69.6,65.7,1.22,1.21,1.25,1.27,1.05,1.04,1.05,1.06,,,,,,,
BGD,Bangladesh,Lower,103,66,39.8,29,89.8,57.9,34,24.4,1.11,1.1,1.11,1.12,0.95,0.92,0.91,0.91,,,,,,,
BGD,Bangladesh,Median,106.2,68.4,42.1,33.3,92.7,60.1,36.1,28,1.15,1.14,1.17,1.19,0.98,0.96,0.96,0.96,,,,,,,
BGD,Bangladesh,Upper,109.6,70.9,44.6,37.9,95.8,62.4,38.3,32,1.18,1.18,1.23,1.26,1.01,0.99,1.01,1.02,,,,,,,
BGR,Bulgaria,Lower,20.1,19.3,12,9.4,15.6,15.3,9.6,7.6,1.25,1.22,1.2,1.18,1,0.97,0.97,0.96,,,,,,,
BGR,Bulgaria,Median,20.6,19.9,12.5,10.3,16,15.8,10,8.3,1.29,1.26,1.25,1.24,1.03,1.01,1.01,1.01,,,,,,,
BGR,Bulgaria,Upper,21.2,20.5,12.9,11.3,16.5,16.3,10.4,9.1,1.32,1.3,1.29,1.3,1.06,1.04,1.05,1.06,,,,,,,
BHR,Bahrain,Lower,19.2,10.6,6.9,4.7,18.2,10,6.5,4.4,1,1,1,0.98,0.8,0.81,0.82,0.82,,,,,,,
BHR,Bahrain,Median,20,11.2,7.3,5.4,19,10.5,6.9,5.1,1.05,1.06,1.07,1.06,0.84,0.86,0.88,0.88,,,,,,,
BHR,Bahrain,Upper,20.9,11.8,7.8,6.3,19.8,11.1,7.3,6,1.11,1.12,1.14,1.14,0.89,0.91,0.94,0.95,,,,,,,
BHS,Bahamas,Lower,19.9,13,10.9,8.1,17.1,11.2,9.4,6.9,1.1,1.08,1.07,1.07,0.88,0.87,0.87,0.87,,,,,,,
BHS,Bahamas,Median,21.1,13.9,12.2,10.6,18.1,12.1,10.6,9.2,1.16,1.16,1.16,1.16,0.93,0.93,0.93,0.94,,,,,,,
BHS,Bahamas,Upper,22.3,14.9,13.8,14.1,19.2,13,12,12.2,1.23,1.23,1.24,1.25,0.98,0.99,1,1.01,,,,,,,
BIH,Bosnia & Herzegovina,Lower,17.4,8.4,6.7,4.9,13.9,6.7,5.4,4,1.2,1.2,1.17,1.15,0.96,0.98,0.97,0.96,,,,,,,
BIH,Bosnia & Herzegovina,Median,17.9,8.8,7.1,5.6,14.4,7,5.7,4.6,1.25,1.25,1.23,1.23,1,1.02,1.02,1.02,,,,,,,
BIH,Bosnia & Herzegovina,Upper,18.4,9.2,7.5,6.5,14.8,7.3,6.1,5.3,1.29,1.31,1.3,1.3,1.03,1.07,1.07,1.09,,,,,,,
BLR,Belarus,Lower,15.1,12.7,5.1,3.4,11.1,9.3,3.9,2.6,1.33,1.31,1.26,1.23,1.06,1.06,1.05,1.04,,,,,,,
BLR,Belarus,Median,15.5,13.1,5.3,3.8,11.4,9.7,4.1,2.9,1.37,1.35,1.31,1.3,1.09,1.09,1.09,1.09,,,,,,,
BLR,Belarus,Upper,15.9,13.5,5.6,4.2,11.7,10,4.3,3.3,1.4,1.4,1.36,1.37,1.13,1.13,1.14,1.15,,,,,,,
BLZ,Belize,Lower,31.7,22,16.9,13.1,25.3,17.4,13.6,10.6,1.16,1.18,1.16,1.15,0.94,0.94,0.92,0.92,,,,,,,
BLZ,Belize,Median,35.6,23.4,17.9,15.6,28.5,18.7,14.6,12.7,1.25,1.26,1.23,1.23,1.01,1,0.98,0.99,,,,,,,
BLZ,Belize,Upper,40,25,19.1,18.6,32,20,15.6,15.1,1.34,1.34,1.32,1.32,1.08,1.07,1.05,1.06,,,,,,,
BOL,Bolivia,Lower,88.1,59.8,34.6,25.1,74.4,50.2,28.1,20.2,1.14,1.13,1.15,1.16,0.96,0.95,0.94,0.93,,,,,,,
BOL,Bolivia,Median,92.5,63.7,40.4,33.8,78.4,53.6,32.9,27.3,1.18,1.19,1.23,1.24,1,1,1,1,,,,,,,
BOL,Bolivia,Upper,97.1,67.9,46.5,44.6,82.4,57.1,37.9,36,1.23,1.25,1.31,1.33,1.04,1.04,1.07,1.07,,,,,,,
BRA,Brazil,Lower,51.7,28.3,15.9,15,42.6,23,13,12.6,1.15,1.18,1.2,1.16,0.95,0.95,0.96,0.93,,,,,,,
BRA,Brazil,Median,55.6,31,16.2,15.8,45.9,25.1,13.3,13.3,1.21,1.24,1.22,1.19,1.01,0.99,0.97,0.95,,,,,,,
BRA,Brazil,Upper,59.7,33.8,16.6,16.7,49.5,27.4,13.7,14.1,1.28,1.3,1.23,1.22,1.06,1.04,0.99,0.97,,,,,,,
BRB,Barbados,Lower,16.3,14.8,13.1,10,13.4,12.5,11,8.5,1.14,1.1,1.11,1.11,0.91,0.88,0.89,0.89,,,,,,,
BRB,Barbados,Median,17.5,16,14.7,13,14.4,13.6,12.4,11,1.21,1.18,1.19,1.19,0.97,0.94,0.95,0.96,,,,,,,
BRB,Barbados,Upper,18.7,17.3,16.5,16.9,15.5,14.7,13.9,14.2,1.29,1.26,1.27,1.28,1.03,1.01,1.02,1.03,,,,,,,
BRN,Brunei,Lower,9.5,7.6,7.7,8.1,8,6.4,6.4,6.7,1.11,1.1,1.1,1.11,0.9,0.9,0.9,0.9,,,,,,,
BRN,Brunei,Median,10.2,8.2,8.3,9.4,8.6,6.9,7,7.8,1.19,1.18,1.19,1.2,0.97,0.97,0.97,0.98,,,,,,,
BRN,Brunei,Upper,10.9,8.8,9,10.9,9.2,7.5,7.6,9.1,1.28,1.27,1.28,1.29,1.04,1.04,1.04,1.05,,,,,,,
BTN,Bhutan,Lower,88.6,58,31.3,22.3,76.9,49.3,25.7,18,1.07,1.1,1.13,1.14,0.91,0.92,0.92,0.91,,,,,,,
BTN,Bhutan,Median,99.7,63.5,37.3,30,86.7,54.1,30.6,24.3,1.15,1.17,1.22,1.23,0.98,0.98,0.99,0.99,,,,,,,
BTN,Bhutan,Upper,112.3,69.7,43.9,39.2,97.9,59.6,36.2,32,1.23,1.26,1.32,1.34,1.05,1.05,1.07,1.07,,,,,,,
BWA,Botswana,Lower,40.3,45.7,25.5,20.2,33.3,38.8,21.4,16.8,1.12,1.1,1.1,1.11,0.92,0.91,0.9,0.91,,,,,,,
BWA,Botswana,Median,45.6,56.6,43.2,37.9,37.8,48,36.3,31.5,1.21,1.18,1.19,1.2,0.99,0.98,0.98,0.98,,,,,,,
BWA,Botswana,Upper,51.5,67.1,63.2,63.4,42.8,57.2,53.4,52.6,1.29,1.27,1.28,1.3,1.06,1.05,1.05,1.05,,,,,,,
CAF,Central African Republic,Lower,114.5,112.3,92.2,71.8,98.2,96,78.3,61,1.1,1.1,1.09,1.09,0.95,0.94,0.93,0.93,,,,,,,
CAF,Central African Republic,Median,123.6,122,109.5,98.5,106.4,104.8,93.7,84,1.16,1.16,1.17,1.17,1,1,1,1,,,,,,,
CAF,Central African Republic,Upper,134,132.7,132.9,133.8,115.6,114.2,113.3,114.3,1.23,1.24,1.26,1.26,1.06,1.07,1.07,1.08,,,,,,,
CAN,Canada,Lower,7.4,5.6,5.2,4,5.9,4.6,4.4,3.4,1.22,1.17,1.15,1.13,1,0.98,0.96,0.95,,,,,,,
CAN,Canada,Median,7.6,5.7,5.3,4.7,6.1,4.7,4.5,4,1.25,1.2,1.18,1.18,1.02,1.01,0.99,0.99,,,,,,,
CAN,Canada,Upper,7.7,5.8,5.4,5.4,6.2,4.9,4.6,4.6,1.28,1.24,1.22,1.24,1.05,1.04,1.02,1.04,,,,,,,
CHE,Switzerland,Lower,7.2,4.9,4,3.1,5.6,4,3.4,2.6,1.22,1.17,1.12,1.12,1,0.98,0.94,0.94,,,,,,,
CHE,Switzerland,Median,7.4,5.1,4.2,3.6,5.9,4.2,3.5,3.1,1.27,1.22,1.18,1.18,1.04,1.02,0.99,0.99,,,,,,,
CHE,Switzerland,Upper,7.7,5.3,4.3,4.3,6.1,4.3,3.7,3.6,1.31,1.27,1.24,1.25,1.08,1.07,1.04,1.05,,,,,,,
CHL,Chile,Lower,17.1,9.7,8,6.1,14,8.1,6.7,5.2,1.19,1.17,1.15,1.13,0.95,0.95,0.94,0.92,,,,,,,
CHL,Chile,Median,17.6,10,8.2,7.6,14.4,8.3,6.9,6.4,1.22,1.2,1.19,1.18,0.97,0.98,0.97,0.97,,,,,,,
CHL,Chile,Upper,18,10.2,8.4,9.2,14.8,8.5,7.1,7.9,1.24,1.23,1.22,1.23,1,1,1,1.01,,,,,,,
CHN,China,Lower,40.9,30.1,13.4,8.1,36.7,26.5,11.7,7.1,1.03,1.05,1.07,1.05,0.85,0.85,0.86,0.86,,,,,,,
CHN,China,Median,44.3,32,14.4,9.8,39.8,28.3,12.5,8.6,1.12,1.13,1.15,1.14,0.92,0.91,0.92,0.93,,,,,,,
CHN,China,Upper,48.2,34.1,15.5,11.7,43.4,30.1,13.5,10.3,1.2,1.21,1.23,1.23,0.98,0.98,0.99,1,,,,,,,
CIV,Cote d Ivoire,Lower,106.7,100.7,76,59.8,88.4,82.2,60.4,47.3,1.15,1.16,1.18,1.17,0.98,0.99,1,0.99,,,,,,,
CIV,Cote d Ivoire,Median,114.4,109.1,85.4,73.9,94.8,89.3,68.1,58.9,1.21,1.22,1.25,1.25,1.03,1.05,1.06,1.06,,,,,,,
CIV,Cote d Ivoire,Upper,122.2,118.5,95.9,92.5,101.5,96.7,76.8,73.9,1.27,1.29,1.34,1.35,1.09,1.11,1.13,1.13,,,,,,,
CMR,Cameroon,Lower,87.4,92,52.4,39.4,72.3,76.9,43.5,32.6,1.15,1.13,1.13,1.13,0.97,0.96,0.95,0.94,,,,,,,
CMR,Cameroon,Median,93.3,99.8,72.3,62.4,77.4,83.6,60,51.4,1.2,1.19,1.2,1.21,1.02,1.02,1.01,1.01,,,,,,,
CMR,Cameroon,Upper,99.7,108,97.8,99.1,82.8,90.9,81.6,81.4,1.26,1.26,1.28,1.3,1.08,1.07,1.08,1.08,,,,,,,
COD,Congo DR,Lower,117.6,107.3,79.3,62,103.2,91.8,67,52,1.08,1.11,1.11,1.1,0.93,0.95,0.94,0.93,,,,,,,
COD,Congo DR,Median,127.2,115.4,91.6,80.5,111.7,98.8,77.6,68,1.14,1.17,1.18,1.19,0.98,1,1,1,,,,,,,
COD,Congo DR,Upper,137.4,124.6,103.9,99.7,120.8,106.8,88.1,84.4,1.21,1.23,1.26,1.27,1.04,1.06,1.07,1.07,,,,,,,
COG,Congo,Lower,59.2,75.4,39.2,25.7,49,63.6,32,20.7,1.12,1.11,1.14,1.15,0.94,0.94,0.94,0.93,,,,,,,
COG,Congo,Median,66.3,82.9,46.3,36.6,55.1,70.1,37.9,29.6,1.21,1.18,1.22,1.24,1.01,1,1,1,,,,,,,
COG,Congo,Upper,74.5,91,54.7,50.3,62,77.2,44.9,40.7,1.29,1.26,1.31,1.34,1.08,1.07,1.08,1.08,,,,,,,
COK,Cook Islands,Lower,20.7,14,7.2,5,16.4,11.2,5.8,4.1,1.16,1.16,1.13,1.12,0.93,0.93,0.92,0.92,,,,,,,
COK,Cook Islands,Median,22.9,16,9.3,7.6,18.2,12.8,7.6,6.2,1.26,1.25,1.23,1.22,1,1,1,1,,,,,,,
COK,Cook Islands,Upper,25.3,18.1,12,11.5,20.3,14.6,9.8,9.5,1.37,1.36,1.34,1.33,1.09,1.09,1.09,1.09,,,,,,,
COL,Colombia,Lower,30.1,21.8,14.3,10.4,23.6,16.9,11.2,8.2,1.21,1.21,1.19,1.18,0.97,0.97,0.95,0.95,,,,,,,
COL,Colombia,Median,32.3,23.8,17.7,15.2,25.4,18.5,13.9,12,1.27,1.28,1.28,1.27,1.02,1.03,1.02,1.02,,,,,,,
COL,Colombia,Upper,34.5,25.9,22.2,22.4,27.2,20.2,17.4,17.6,1.34,1.36,1.37,1.37,1.08,1.09,1.09,1.1,,,,,,,
COM,Comoros,Lower,84.7,64,44.9,34.7,72.2,54.5,37.7,29.1,1.08,1.09,1.09,1.09,0.92,0.92,0.91,0.91,,,,,,,
COM,Comoros,Median,94.6,78.5,68.3,60,80.8,66.5,57.4,50.1,1.17,1.18,1.19,1.2,1,1,1,1,,,,,,,
COM,Comoros,Upper,104.9,91.1,106.9,108.2,90.1,77.4,90.1,91.1,1.27,1.28,1.3,1.3,1.08,1.08,1.09,1.09,,,,,,,
CPV,Cape Verde,Lower,50.4,30.8,24.5,20.3,42.1,25.4,20,16.4,1.14,1.16,1.16,1.16,0.95,0.94,0.93,0.93,,,,,,,
CPV,Cape Verde,Median,52.3,31.8,25.6,22.8,43.8,26.3,20.9,18.5,1.19,1.21,1.22,1.23,0.99,0.97,0.98,0.98,,,,,,,
CPV,Cape Verde,Upper,54.2,32.9,26.7,25.5,45.5,27.2,21.9,20.8,1.24,1.26,1.28,1.31,1.03,1.02,1.03,1.04,,,,,,,
CRI,Costa Rica,Lower,15.5,12,9.4,7.4,12.2,9.6,7.6,6.1,1.23,1.21,1.17,1.15,0.99,0.98,0.95,0.94,,,,,,,
CRI,Costa Rica,Median,16,12.4,9.7,9.3,12.6,9.9,8,7.6,1.27,1.25,1.22,1.21,1.02,1.01,0.99,0.99,,,,,,,
CRI,Costa Rica,Upper,16.4,12.7,10.1,11.7,13,10.2,8.3,9.6,1.31,1.29,1.27,1.28,1.05,1.05,1.03,1.04,,,,,,,
CUB,Cuba,Lower,11.8,7.1,5.2,3.9,8.8,5.4,4.1,3.1,1.3,1.25,1.21,1.2,1.05,1.04,1.01,1,,,,,,,
CUB,Cuba,Median,12.1,7.3,5.4,4.4,9.1,5.6,4.3,3.5,1.33,1.29,1.26,1.25,1.08,1.07,1.05,1.05,,,,,,,
CUB,Cuba,Upper,12.4,7.5,5.6,4.9,9.3,5.8,4.5,3.9,1.37,1.34,1.31,1.31,1.11,1.11,1.1,1.1,,,,,,,
CYP,Cyprus,Lower,10.3,5.5,2.9,2.1,8.3,4.6,2.5,1.7,1.16,1.11,1.1,1.1,0.94,0.92,0.92,0.92,,,,,,,
CYP,Cyprus,Median,10.9,5.9,3.2,2.7,8.9,5,2.7,2.3,1.23,1.19,1.18,1.19,0.99,0.99,0.99,1,,,,,,,
CYP,Cyprus,Upper,11.6,6.4,3.6,3.4,9.5,5.4,3,2.9,1.3,1.27,1.27,1.28,1.06,1.05,1.07,1.07,,,,,,,
CZE,Czech Republic,Lower,14.1,6,3.7,2.8,10.6,4.7,2.9,2.2,1.29,1.22,1.22,1.21,1.03,1.01,1.02,1.01,,,,,,,
CZE,Czech Republic,Median,14.4,6.3,3.8,3.1,10.9,4.9,3,2.5,1.33,1.27,1.27,1.27,1.06,1.05,1.07,1.07,,,,,,,
CZE,Czech Republic,Upper,14.8,6.5,4,3.5,11.2,5.2,3.1,2.7,1.36,1.32,1.33,1.34,1.1,1.09,1.12,1.13,,,,,,,
DEU,Germany,Lower,7.7,4.8,3.7,3.2,5.9,3.8,3.1,2.6,1.28,1.21,1.19,1.17,1.05,1.02,0.99,0.97,,,,,,,
DEU,Germany,Median,7.9,4.9,3.8,3.4,6,3.9,3.1,2.8,1.31,1.24,1.22,1.21,1.07,1.04,1.03,1.02,,,,,,,
DEU,Germany,Upper,8,5,3.9,3.6,6.1,4,3.2,3,1.33,1.27,1.25,1.26,1.1,1.07,1.06,1.06,,,,,,,
DJI,Djibouti,Lower,87.7,75.5,54.1,41.3,73.5,63.3,45,34.1,1.1,1.1,1.11,1.11,0.94,0.94,0.93,0.93,,,,,,,
DJI,Djibouti,Median,100.6,86.5,67.7,59.2,84.4,72.6,56.3,49.1,1.19,1.19,1.2,1.21,1.02,1.01,1.01,1.01,,,,,,,
DJI,Djibouti,Upper,115,100.6,85,82.7,96.9,84.5,70.3,68.6,1.29,1.29,1.3,1.31,1.1,1.09,1.09,1.09,,,,,,,
DMA,Dominica,Lower,13.7,12.7,16,16.2,11.8,11,13.8,14,1.06,1.06,1.06,1.06,0.85,0.85,0.84,0.84,,,,,,,
DMA,Dominica,Median,15.2,14.4,18.4,21,13.2,12.5,15.9,18.1,1.16,1.15,1.16,1.17,0.93,0.93,0.93,0.93,,,,,,,
DMA,Dominica,Upper,16.8,16.3,21.1,27.3,14.6,14.1,18.3,23.6,1.25,1.25,1.26,1.27,1,1,1.01,1.01,,,,,,,
DNK,Denmark,Lower,8,4.9,3.4,2.7,6.1,4,2.8,2.2,1.24,1.17,1.14,1.13,1.02,0.98,0.96,0.95,,,,,,,
DNK,Denmark,Median,8.3,5.1,3.6,3.2,6.4,4.1,3,2.6,1.29,1.23,1.2,1.2,1.06,1.03,1.01,1.01,,,,,,,
DNK,Denmark,Upper,8.6,5.3,3.8,3.8,6.7,4.3,3.2,3.2,1.34,1.28,1.27,1.28,1.11,1.07,1.06,1.07,,,,,,,
DOM,Dominican Republic,Lower,47.6,33.7,26.5,22.3,39.8,27.8,21.8,18.3,1.13,1.14,1.13,1.13,0.93,0.92,0.91,0.91,,,,,,,
DOM,Dominican Republic,Median,50.4,36.4,30.5,28.1,42.3,30.1,25.2,23.1,1.19,1.21,1.21,1.22,0.98,0.98,0.98,0.98,,,,,,,
DOM,Dominican Republic,Upper,53.4,39.1,35.3,35.8,45,32.5,29.1,29.5,1.26,1.28,1.3,1.31,1.04,1.04,1.05,1.05,,,,,,,
DZA,Algeria,Lower,40.4,35.8,24.4,22,33.6,30.4,21.5,19.4,1.16,1.16,1.12,1.11,0.95,0.94,0.89,0.88,,,,,,,
DZA,Algeria,Median,43.2,36.7,24.9,23.2,36,31.1,22,20.5,1.2,1.18,1.13,1.13,0.99,0.96,0.91,0.91,,,,,,,
DZA,Algeria,Upper,46.1,37.5,25.4,24.4,38.4,31.8,22.4,21.6,1.24,1.2,1.15,1.16,1.02,0.98,0.92,0.93,,,,,,,
ECU,Ecuador,Lower,44.9,27.9,17.8,13,35.4,21.5,13.7,10.1,1.17,1.2,1.2,1.19,0.97,0.97,0.96,0.95,,,,,,,
ECU,Ecuador,Median,49.2,31.9,24,20.7,39,24.7,18.5,16,1.26,1.29,1.29,1.29,1.04,1.04,1.03,1.03,,,,,,,
ECU,Ecuador,Upper,53.9,36.2,32.3,32.2,42.8,28.1,25,25.1,1.36,1.4,1.4,1.41,1.12,1.12,1.12,1.12,,,,,,,
EGY,Egypt,Lower,62.1,36.7,22.9,17.4,58.5,32.9,20.1,15.1,1.03,1.06,1.07,1.07,0.86,0.87,0.85,0.85,,,,,,,
EGY,Egypt,Median,64.9,39,25.8,21.7,61.1,35,22.7,18.9,1.06,1.12,1.14,1.14,0.89,0.91,0.91,0.91,,,,,,,
EGY,Egypt,Upper,67.8,41.4,28.9,26.8,63.9,37.1,25.5,23.6,1.1,1.17,1.21,1.23,0.92,0.95,0.97,0.98,,,,,,,
ERI,Eritrea,Lower,94.1,59,35.6,26.9,76.1,47.1,28.1,21,1.16,1.17,1.17,1.18,0.99,0.97,0.96,0.96,,,,,,,
ERI,Eritrea,Median,102.4,64.7,43.9,38.1,83.1,51.7,34.6,29.8,1.23,1.25,1.27,1.28,1.05,1.04,1.04,1.04,,,,,,,
ERI,Eritrea,Upper,111.6,70.9,54.5,53.6,90.5,56.9,43,42.2,1.32,1.34,1.38,1.39,1.12,1.12,1.13,1.13,,,,,,,
ESP,Spain,Lower,10,5.8,4.1,3.1,8.1,4.8,3.5,2.7,1.2,1.16,1.13,1.12,0.97,0.97,0.95,0.93,,,,,,,
ESP,Spain,Median,10.2,5.9,4.2,3.8,8.3,4.9,3.6,3.2,1.23,1.19,1.17,1.17,1,1,0.98,0.98,,,,,,,
ESP,Spain,Upper,10.5,6.1,4.3,4.5,8.5,5.1,3.7,3.9,1.26,1.23,1.2,1.22,1.02,1.03,1.01,1.02,,,,,,,
EST,Estonia,Lower,17.9,9.4,3.6,2.2,13.6,7.3,2.9,1.7,1.25,1.21,1.16,1.15,1,0.99,0.97,0.96,,,,,,,
EST,Estonia,Median,18.6,9.9,3.9,2.6,14.2,7.7,3.2,2.1,1.31,1.28,1.23,1.23,1.05,1.04,1.03,1.03,,,,,,,
EST,Estonia,Upper,19.4,10.4,4.2,3.1,14.9,8.2,3.4,2.5,1.37,1.35,1.31,1.32,1.1,1.1,1.1,1.1,,,,,,,
ETH,Ethiopia,Lower,124.2,91.7,47.3,33.9,101.8,74.1,37.6,26.7,1.16,1.18,1.18,1.19,1,1,0.98,0.97,,,,,,,
ETH,Ethiopia,Median,133.2,98.7,56.5,46.3,109.5,80,44.8,36.3,1.21,1.23,1.26,1.27,1.05,1.05,1.05,1.04,,,,,,,
ETH,Ethiopia,Upper,143,106.2,66.2,61.2,118,86.2,52.4,48.5,1.27,1.3,1.34,1.36,1.1,1.11,1.12,1.12,,,,,,,
FIN,Finland,Lower,5.8,3.7,2.5,1.8,4.7,3,2.1,1.5,1.18,1.17,1.16,1.14,0.98,0.98,0.97,0.96,,,,,,,
FIN,Finland,Median,6.1,3.9,2.7,2.1,4.9,3.2,2.2,1.7,1.23,1.23,1.22,1.22,1.02,1.03,1.02,1.02,,,,,,,
FIN,Finland,Upper,6.3,4.1,2.8,2.4,5.2,3.3,2.3,2,1.28,1.29,1.29,1.3,1.07,1.08,1.08,1.09,,,,,,,
FJI,Fiji,Lower,23.1,21.2,21.1,18.1,19.2,17.6,17.5,15,1.13,1.13,1.13,1.12,0.9,0.9,0.9,0.9,,,,,,,
FJI,Fiji,Median,27.1,22.6,22,20.7,22.4,18.8,18.4,17.3,1.21,1.2,1.2,1.2,0.97,0.96,0.96,0.96,,,,,,,
FJI,Fiji,Upper,31.6,24.1,23,23.7,26.2,20.1,19.3,19.8,1.29,1.27,1.27,1.28,1.04,1.02,1.01,1.02,,,,,,,
FRA,France,Lower,8.3,4.8,3.8,3.4,6.1,3.8,3.1,2.8,1.32,1.25,1.2,1.18,1.08,1.04,1.01,0.99,,,,,,,
FRA,France,Median,8.5,5,3.9,3.9,6.3,3.9,3.2,3.2,1.34,1.28,1.23,1.23,1.1,1.07,1.04,1.03,,,,,,,
FRA,France,Upper,8.7,5.1,4,4.5,6.5,4,3.2,3.6,1.37,1.31,1.27,1.28,1.13,1.1,1.07,1.08,,,,,,,
FSM,Federated States of Micronesia,Lower,39,33.5,20,15.1,32,27.5,16.1,12,1.1,1.1,1.12,1.12,0.91,0.9,0.91,0.91,,,,,,,
FSM,Federated States of Micronesia,Median,47.4,46.2,36.3,31.6,39,37.9,29.4,25.4,1.22,1.22,1.23,1.24,1,1,1,1,,,,,,,
FSM,Federated States of Micronesia,Upper,57.2,63.2,64.2,63.9,47.2,51.9,52.1,51.6,1.34,1.34,1.37,1.37,1.1,1.1,1.11,1.1,,,,,,,
GAB,Gabon,Lower,59.3,54.6,40.7,30.2,47.3,43.3,32,23.6,1.16,1.16,1.16,1.17,0.97,0.97,0.96,0.95,,,,,,,
GAB,Gabon,Median,67.1,61.7,47.6,40.2,53.7,49.2,37.8,31.6,1.25,1.25,1.26,1.27,1.05,1.05,1.04,1.03,,,,,,,
GAB,Gabon,Upper,76.5,70.9,55.6,52.3,61.4,56.7,44.1,41.3,1.36,1.36,1.38,1.39,1.14,1.13,1.13,1.13,,,,,,,
GBR,United Kingdom,Lower,8.7,6,4.7,3.3,6.7,4.9,3.8,2.7,1.28,1.22,1.19,1.18,1.04,1,1,0.99,,,,,,,
GBR,United Kingdom,Median,8.9,6.2,4.8,3.9,6.8,5,3.9,3.2,1.3,1.24,1.23,1.23,1.06,1.03,1.03,1.03,,,,,,,
GBR,United Kingdom,Upper,9.1,6.3,4.9,4.6,7,5.1,4,3.7,1.33,1.27,1.26,1.29,1.09,1.06,1.06,1.08,,,,,,,
GEO,Georgia,Lower,41.2,31.2,15.1,10,32,23.9,11.6,7.7,1.18,1.2,1.19,1.18,0.97,0.97,0.95,0.95,,,,,,,
GEO,Georgia,Median,45.7,35.1,16.7,11.9,35.7,27.1,12.9,9.3,1.28,1.29,1.3,1.28,1.05,1.04,1.04,1.04,,,,,,,
GEO,Georgia,Upper,50.4,39.6,18.3,15,39.6,30.7,14.2,11.7,1.39,1.41,1.43,1.41,1.14,1.14,1.14,1.14,,,,,,,
GHA,Ghana,Lower,81.8,66.6,49.6,38.5,69,55.3,40.4,31.1,1.13,1.14,1.15,1.15,0.95,0.96,0.96,0.95,,,,,,,
GHA,Ghana,Median,86.4,70.7,55.1,47.1,73,58.8,45,38.2,1.18,1.2,1.23,1.23,1,1.01,1.02,1.01,,,,,,,
GHA,Ghana,Upper,91.1,75,61.2,57.7,77.2,62.6,50.1,46.8,1.24,1.27,1.3,1.32,1.05,1.06,1.08,1.09,,,,,,,
GIN,Guinea,Lower,140.2,104.2,67.7,52.7,122.2,88.4,56.7,43.9,1.1,1.12,1.12,1.12,0.95,0.96,0.95,0.94,,,,,,,
GIN,Guinea,Median,150.2,111.2,77.2,66.3,131,94.5,64.8,55.3,1.15,1.18,1.19,1.2,0.99,1.01,1.01,1,,,,,,,
GIN,Guinea,Upper,161,118.8,88.2,83.8,140.7,101.1,74,70,1.2,1.23,1.27,1.28,1.04,1.06,1.07,1.07,,,,,,,
GMB,Gambia The,Lower,79.4,63.6,49.9,45.2,66.6,52.7,41,37,1.09,1.1,1.11,1.11,0.93,0.93,0.92,0.92,,,,,,,
GMB,Gambia The,Median,86.6,69,56.5,52.7,73,57.4,46.6,43.3,1.19,1.2,1.21,1.22,1.01,1.01,1.01,1.01,,,,,,,
GMB,Gambia The,Upper,94.9,75.3,65.1,64.7,80,62.8,53.9,53.3,1.3,1.31,1.33,1.33,1.1,1.1,1.1,1.1,,,,,,,
GNB,Guinea-Bissau,Lower,131.1,106.4,69.1,51.5,109.3,87.3,56.1,41.7,1.12,1.14,1.14,1.14,0.97,0.97,0.97,0.96,,,,,,,
GNB,Guinea-Bissau,Median,147.4,117,80.6,66.3,122.9,96.4,65.7,53.7,1.2,1.21,1.23,1.23,1.04,1.04,1.04,1.03,,,,,,,
GNB,Guinea-Bissau,Upper,166.4,128.9,94.3,84.1,139,106.5,76.7,68.2,1.29,1.3,1.33,1.34,1.11,1.11,1.12,1.12,,,,,,,
GNQ,Equatorial Guinea,Lower,119,101.6,70.7,54,101.4,85.7,59,45.2,1.06,1.07,1.09,1.09,0.92,0.92,0.92,0.92,,,,,,,
GNQ,Equatorial Guinea,Median,137.5,113.1,85.5,74.2,117.7,96.1,71.8,61.9,1.17,1.18,1.19,1.2,1.01,1.01,1.01,1.01,,,,,,,
GNQ,Equatorial Guinea,Upper,159.9,127.4,103.5,101.5,137.2,108.6,86.7,84.3,1.28,1.29,1.31,1.32,1.11,1.11,1.11,1.11,,,,,,,
GRC,Greece,Lower,11.9,7.3,4.2,3.4,10,6.1,3.7,2.9,1.15,1.14,1.11,1.1,0.92,0.94,0.93,0.92,,,,,,,
GRC,Greece,Median,12.2,7.5,4.4,3.9,10.3,6.3,3.8,3.3,1.18,1.18,1.16,1.16,0.95,0.97,0.97,0.97,,,,,,,
GRC,Greece,Upper,12.6,7.7,4.6,4.4,10.6,6.6,4,3.8,1.22,1.22,1.21,1.22,0.98,1.01,1.01,1.03,,,,,,,
GRD,Grenada,Lower,17.6,13.1,11.1,8.7,15.1,11.3,9.6,7.5,1.04,1.04,1.03,1.03,0.83,0.83,0.83,0.83,,,,,,,
GRD,Grenada,Median,19.3,14.5,12.8,11.5,16.5,12.5,11,10,1.17,1.17,1.17,1.17,0.93,0.93,0.94,0.94,,,,,,,
GRD,Grenada,Upper,21,16,14.5,15.3,18.2,13.9,12.6,13.2,1.28,1.27,1.27,1.28,1.02,1.02,1.02,1.03,,,,,,,
GTM,Guatemala,Lower,61,39.7,24.8,18.2,50.8,32.4,19.9,14.6,1.13,1.15,1.16,1.16,0.95,0.94,0.93,0.93,,,,,,,
GTM,Guatemala,Median,65.1,43.8,31.4,27,54.3,35.8,25.2,21.5,1.2,1.22,1.24,1.25,1,1,1,1,,,,,,,
GTM,Guatemala,Upper,69.3,48.2,39.9,39.5,58,39.6,32.1,31.8,1.27,1.3,1.34,1.35,1.06,1.07,1.08,1.08,,,,,,,
GUY,Guyana,Lower,47.9,38,31.8,27.1,36.5,29.2,24.4,20.8,1.22,1.21,1.2,1.19,1.01,0.99,0.97,0.97,,,,,,,
GUY,Guyana,Median,52.5,41.8,37.7,36,40.3,32.3,29.2,27.8,1.3,1.3,1.29,1.29,1.08,1.06,1.05,1.05,,,,,,,
GUY,Guyana,Upper,57.6,45.9,44.5,47.7,44.4,35.6,34.5,36.8,1.4,1.4,1.41,1.41,1.16,1.14,1.14,1.14,,,,,,,
HND,Honduras,Lower,46.2,31.2,19.9,14.8,37.3,24.9,15.8,11.7,1.16,1.17,1.17,1.17,0.96,0.94,0.94,0.93,,,,,,,
HND,Honduras,Median,49.7,33.8,22.9,19.3,40.2,27.1,18.2,15.4,1.24,1.25,1.26,1.26,1.02,1.01,1.01,1.01,,,,,,,
HND,Honduras,Upper,53.3,36.6,26.4,25.2,43.3,29.4,21.1,20.1,1.32,1.33,1.35,1.36,1.09,1.08,1.08,1.09,,,,,,,
HRV,Croatia,Lower,12.2,7.5,4.7,3.5,9.4,6.2,4,2.9,1.24,1.16,1.11,1.11,1,0.96,0.93,0.93,,,,,,,
HRV,Croatia,Median,12.6,7.8,4.9,3.9,9.8,6.4,4.2,3.3,1.29,1.21,1.17,1.17,1.04,1,0.98,0.98,,,,,,,
HRV,Croatia,Upper,13,8.1,5.2,4.4,10.1,6.7,4.4,3.8,1.33,1.27,1.23,1.25,1.08,1.04,1.03,1.05,,,,,,,
HTI,Haiti,Lower,102.6,75.9,69.6,47.4,86.4,63.2,59.4,38.8,1.13,1.13,1.1,1.14,0.96,0.96,0.95,0.94,,,,,,,
HTI,Haiti,Median,109.3,81.7,77.7,57.3,92.2,68,66.3,47,1.19,1.2,1.17,1.22,1.01,1.01,1.01,1.01,,,,,,,
HTI,Haiti,Upper,116.4,87.8,87.5,70.5,98.4,73.3,74.7,57.9,1.25,1.27,1.25,1.31,1.07,1.08,1.09,1.09,,,,,,,
HUN,Hungary,Lower,18.2,10.3,5.9,5.1,14.5,8.5,5,4.4,1.22,1.17,1.13,1.12,0.97,0.95,0.93,0.93,,,,,,,
HUN,Hungary,Median,18.7,10.6,6.1,5.7,15,8.8,5.2,4.9,1.25,1.21,1.17,1.17,1,0.98,0.97,0.98,,,,,,,
HUN,Hungary,Upper,19.2,11,6.4,6.4,15.4,9.1,5.4,5.4,1.28,1.25,1.22,1.23,1.03,1.01,1.01,1.03,,,,,,,
IDN,Indonesia,Lower,65.6,43.3,28,21.4,53.1,34.6,21.8,16.6,1.19,1.18,1.2,1.2,1,0.97,0.97,0.96,,,,,,,
IDN,Indonesia,Median,68.5,45.4,30.7,25.6,55.5,36.5,24,19.9,1.23,1.25,1.28,1.28,1.03,1.02,1.03,1.03,,,,,,,
IDN,Indonesia,Upper,71.5,47.8,33.6,30.5,58.1,38.4,26.3,23.8,1.28,1.31,1.36,1.37,1.08,1.08,1.1,1.1,,,,,,,
IND,India,Lower,87.5,64,43.3,34,83.2,64.4,44.7,34,1.02,0.98,0.95,0.95,0.87,0.82,0.78,0.78,,,,,,,
IND,India,Median,90.4,66.2,45.5,37.8,86.1,66.6,47,38,1.05,0.99,0.97,0.99,0.89,0.84,0.8,0.81,,,,,,,
IND,India,Upper,93.4,68.5,47.9,41.8,89,68.9,49.5,42,1.08,1.01,0.99,1.04,0.92,0.85,0.82,0.85,,,,,,,
IRL,Ireland,Lower,8.2,6.2,3.7,2.8,6.5,5.1,3,2.3,1.2,1.17,1.15,1.13,0.98,0.97,0.96,0.95,,,,,,,
IRL,Ireland,Median,8.5,6.5,3.8,3.3,6.8,5.3,3.2,2.7,1.24,1.22,1.21,1.2,1.02,1.01,1.01,1.01,,,,,,,
IRL,Ireland,Upper,8.9,6.8,4,3.8,7.1,5.6,3.4,3.2,1.29,1.27,1.27,1.27,1.06,1.06,1.07,1.07,,,,,,,
IRN,Iran,Lower,42.6,27.2,15.7,10.4,40.1,24.9,14.2,9.4,1,1.02,1.02,1.02,0.83,0.82,0.82,0.82,,,,,,,
IRN,Iran,Median,46,29.8,17.3,14.1,43.2,27.3,15.5,12.6,1.06,1.09,1.11,1.11,0.88,0.88,0.89,0.89,,,,,,,
IRN,Iran,Upper,49.7,32.6,18.9,18.9,46.8,29.9,17.1,17,1.13,1.16,1.2,1.21,0.93,0.94,0.96,0.97,,,,,,,
IRQ,Iraq,Lower,42.2,35.7,28.2,22.7,35.6,29.8,23.4,18.5,1.12,1.12,1.13,1.13,0.92,0.92,0.91,0.91,,,,,,,
IRQ,Iraq,Median,45.8,38.8,32.7,29,38.6,32.6,27,23.8,1.19,1.19,1.21,1.22,0.97,0.97,0.98,0.98,,,,,,,
IRQ,Iraq,Upper,49.6,42.2,37.9,37,42,35.5,31.5,30.4,1.26,1.26,1.29,1.31,1.03,1.03,1.04,1.05,,,,,,,
ISL,Iceland,Lower,5,3,1.7,1.2,4.1,2.5,1.4,1,1.12,1.11,1.1,1.1,0.93,0.93,0.93,0.93,,,,,,,
ISL,Iceland,Median,5.5,3.4,2,1.7,4.6,2.8,1.7,1.4,1.2,1.2,1.2,1.2,1.01,1.01,1.01,1.01,,,,,,,
ISL,Iceland,Upper,6.1,3.8,2.5,2.5,5.1,3.2,2.1,2.1,1.3,1.3,1.31,1.31,1.09,1.09,1.1,1.1,,,,,,,
ISR,Israel,Lower,10,5.8,3.8,2.9,8.7,5.1,3.3,2.6,1.11,1.11,1.1,1.09,0.9,0.91,0.92,0.92,,,,,,,
ISR,Israel,Median,10.3,6,3.9,3.4,9,5.2,3.4,3,1.14,1.14,1.15,1.15,0.93,0.95,0.96,0.97,,,,,,,
ISR,Israel,Upper,10.6,6.2,4.1,4,9.3,5.4,3.5,3.5,1.18,1.18,1.2,1.21,0.96,0.98,1.01,1.02,,,,,,,
ITA,Italy,Lower,9,4.9,3.6,2.8,7.3,4.2,3.1,2.4,1.2,1.14,1.14,1.12,0.98,0.95,0.95,0.94,,,,,,,
ITA,Italy,Median,9.1,5,3.7,3.1,7.5,4.3,3.1,2.7,1.23,1.17,1.17,1.17,1,0.98,0.98,0.98,,,,,,,
ITA,Italy,Upper,9.3,5.1,3.8,3.5,7.6,4.4,3.2,3,1.25,1.2,1.21,1.22,1.03,1.01,1.02,1.03,,,,,,,
JAM,Jamaica,Lower,24.6,18.3,13.5,9.9,19,14,10.4,7.7,1.18,1.19,1.19,1.18,0.95,0.95,0.95,0.95,,,,,,,
JAM,Jamaica,Median,28.5,21.1,17.5,15.2,22.2,16.2,13.5,11.8,1.29,1.3,1.29,1.28,1.03,1.04,1.03,1.03,,,,,,,
JAM,Jamaica,Upper,33.5,24.3,22.8,23.2,26.1,18.8,17.8,18.1,1.4,1.42,1.41,1.4,1.12,1.13,1.13,1.12,,,,,,,
JOR,Jordan,Lower,29.3,22.6,15.9,12,26.6,20.1,14.1,10.6,1.03,1.04,1.03,1.03,0.83,0.83,0.82,0.82,,,,,,,
JOR,Jordan,Median,31.4,24.4,18.8,16.2,28.5,21.9,16.7,14.4,1.1,1.12,1.12,1.12,0.89,0.9,0.9,0.9,,,,,,,
JOR,Jordan,Upper,33.4,26.6,22.2,21.7,30.4,23.9,19.9,19.4,1.17,1.2,1.22,1.23,0.94,0.96,0.97,0.98,,,,,,,
JPN,Japan,Lower,4.8,3.4,2.5,2,4.1,3,2.1,1.8,1.15,1.13,1.11,1.09,0.96,0.94,0.93,0.91,,,,,,,
JPN,Japan,Median,4.9,3.5,2.5,2.1,4.2,3,2.2,1.9,1.17,1.16,1.14,1.13,0.98,0.97,0.96,0.95,,,,,,,
JPN,Japan,Upper,5,3.6,2.6,2.2,4.3,3.1,2.3,2,1.2,1.18,1.17,1.17,1,1,0.99,0.99,,,,,,,
KAZ,Kazakhstan,Lower,46.4,39.3,21.2,12.4,35,29,15.2,9.1,1.23,1.25,1.26,1.24,1.01,1.02,1.01,1,,,,,,,
KAZ,Kazakhstan,Median,50.6,42.9,22.2,14.5,38.4,31.9,16.2,10.7,1.32,1.34,1.37,1.35,1.09,1.1,1.09,1.08,,,,,,,
KAZ,Kazakhstan,Upper,55.2,46.7,23.2,16.8,42.2,34.9,17.1,12.4,1.42,1.46,1.49,1.48,1.17,1.19,1.19,1.19,,,,,,,
KEN,Kenya,Lower,66.4,66.9,40.3,31.1,57.4,57.1,33.6,25.7,1.1,1.11,1.12,1.13,0.93,0.93,0.92,0.92,,,,,,,
KEN,Kenya,Median,70.4,71.6,46.1,38.8,61,61.3,38.4,32,1.15,1.17,1.2,1.21,0.97,0.98,0.99,0.99,,,,,,,
KEN,Kenya,Upper,74.5,77,52.4,47.9,64.8,66,43.8,39.7,1.21,1.23,1.28,1.3,1.02,1.04,1.05,1.06,,,,,,,
KGZ,Kyrgyzstan,Lower,52.3,40.9,28,18.8,43.2,33,22.2,14.9,1.12,1.13,1.15,1.15,0.93,0.93,0.93,0.92,,,,,,,
KGZ,Kyrgyzstan,Median,59,45.7,29.4,21.1,48.8,37.2,23.4,16.8,1.21,1.23,1.26,1.26,1.01,1.01,1.01,1.01,,,,,,,
KGZ,Kyrgyzstan,Upper,66.3,50.4,30.7,24,55,41.2,24.7,19.2,1.31,1.33,1.36,1.37,1.09,1.1,1.09,1.1,,,,,,,
KHM,Cambodia,Lower,88,82.5,35.1,18.9,72.2,67.3,27.7,14.6,1.17,1.17,1.19,1.2,0.99,0.99,0.97,0.96,,,,,,,
KHM,Cambodia,Median,93.6,88.2,40.9,27.6,76.8,72.2,32.3,21.5,1.22,1.22,1.27,1.28,1.03,1.04,1.03,1.03,,,,,,,
KHM,Cambodia,Upper,99.1,94.7,47.8,39.7,81.6,77.4,37.8,30.9,1.27,1.28,1.35,1.38,1.08,1.09,1.1,1.1,,,,,,,
KIR,Kiribati,Lower,66.5,51.9,42.4,33.2,55.1,42.4,34.7,27.2,1.1,1.12,1.12,1.12,0.93,0.93,0.93,0.93,,,,,,,
KIR,Kiribati,Median,75.7,58.4,53,47.9,62.8,47.8,43.3,39,1.21,1.22,1.22,1.23,1.01,1.02,1.01,1.01,,,,,,,
KIR,Kiribati,Upper,86.4,65.7,65.3,68.1,71.8,54,53.5,55.5,1.32,1.33,1.34,1.34,1.11,1.11,1.11,1.11,,,,,,,
KNA,Saint Kitts & Nevis,Lower,22.9,14.5,9,6.4,18.6,11.9,7.4,5.4,1.12,1.11,1.1,1.09,0.9,0.89,0.89,0.89,,,,,,,
KNA,Saint Kitts & Nevis,Median,25.4,16.4,10.9,9.1,20.7,13.4,9,7.6,1.22,1.22,1.21,1.2,0.98,0.98,0.98,0.98,,,,,,,
KNA,Saint Kitts & Nevis,Upper,28.1,18.4,13.2,12.8,23.1,15.2,10.9,10.7,1.33,1.33,1.32,1.31,1.06,1.06,1.06,1.07,,,,,,,
KOR,Korea Rep,Lower,6.1,5.4,3.7,2.9,5.8,4.9,3.2,2.5,1.02,1.08,1.12,1.1,0.84,0.9,0.94,0.92,,,,,,,
KOR,Korea Rep,Median,6.2,5.5,3.8,3.1,6,5,3.3,2.7,1.04,1.1,1.16,1.15,0.87,0.92,0.97,0.97,,,,,,,
KOR,Korea Rep,Upper,6.4,5.6,3.9,3.4,6.1,5.1,3.3,3,1.07,1.13,1.19,1.2,0.89,0.95,1,1.01,,,,,,,
KWT,Kuwait,Lower,16,11.3,9.6,7.1,13.5,9.7,8.3,6.2,1.14,1.12,1.1,1.08,0.91,0.91,0.9,0.89,,,,,,,
KWT,Kuwait,Median,16.6,11.7,9.9,7.8,14,10,8.6,6.8,1.18,1.17,1.15,1.14,0.95,0.94,0.94,0.94,,,,,,,
KWT,Kuwait,Upper,17.2,12.1,10.2,8.6,14.5,10.4,8.9,7.6,1.23,1.21,1.2,1.2,0.98,0.98,0.98,0.99,,,,,,,
LAO,Lao PDR,Lower,110.8,82.7,55.4,42.7,91.4,67.1,44.5,34.3,1.13,1.15,1.16,1.15,0.97,0.98,0.97,0.96,,,,,,,
LAO,Lao PDR,Median,121.2,91.6,65.3,56.1,100.5,74.4,52.5,45.1,1.21,1.23,1.24,1.25,1.04,1.04,1.04,1.03,,,,,,,
LAO,Lao PDR,Upper,132.9,101.7,76.3,72.6,110.5,82.8,61.9,58.5,1.29,1.31,1.33,1.35,1.11,1.11,1.12,1.12,,,,,,,
LBN,Lebanon,Lower,25,15.1,5.8,4.1,23.3,13.9,5.4,3.9,0.98,0.98,0.97,0.96,0.79,0.78,0.78,0.79,,,,,,,
LBN,Lebanon,Median,27.9,17.7,9,7.3,25.9,16.5,8.4,6.8,1.08,1.08,1.08,1.08,0.87,0.86,0.88,0.88,,,,,,,
LBN,Lebanon,Upper,31,20.9,13.5,12.5,28.8,19.4,12.6,11.7,1.17,1.17,1.19,1.18,0.94,0.94,0.96,0.97,,,,,,,
LBR,Liberia,Lower,166.5,121.8,62.9,45.6,144.1,105.8,53.4,38.5,1.1,1.09,1.11,1.11,0.95,0.94,0.93,0.93,,,,,,,
LBR,Liberia,Median,181.9,131.3,70.3,57.2,157.7,114.3,59.8,48.2,1.15,1.15,1.18,1.19,1,0.99,0.99,0.99,,,,,,,
LBR,Liberia,Upper,199.4,142.3,78.6,72.6,172.8,123.8,67.1,60.8,1.21,1.21,1.25,1.27,1.05,1.04,1.05,1.06,,,,,,,
LBY,Libya,Lower,33.5,25.1,14,9,27.4,19.9,11.1,7.3,1.14,1.17,1.16,1.15,0.93,0.93,0.93,0.93,,,,,,,
LBY,Libya,Median,38.9,26.8,15.8,12.7,31.9,21.4,12.6,10.2,1.22,1.25,1.26,1.25,0.99,1,1.01,1.01,,,,,,,
LBY,Libya,Upper,45,28.5,17.8,17.5,36.9,22.9,14.2,14.1,1.3,1.34,1.36,1.35,1.06,1.08,1.09,1.09,,,,,,,
LCA,Saint Lucia,Lower,19.4,15.5,13.9,10.8,15.4,12.5,11.4,8.8,1.18,1.15,1.13,1.13,0.94,0.92,0.91,0.91,,,,,,,
LCA,Saint Lucia,Median,20.8,16.7,15.5,13.9,16.5,13.6,12.7,11.4,1.26,1.23,1.22,1.22,1,0.99,0.98,0.98,,,,,,,
LCA,Saint Lucia,Upper,22.2,18.1,17.2,17.9,17.8,14.8,14.2,14.7,1.34,1.32,1.31,1.32,1.07,1.06,1.05,1.06,,,,,,,
LKA,Sri Lanka,Lower,19.4,15,9.9,8.4,15.9,12.4,8.1,6.9,1.19,1.19,1.18,1.17,0.95,0.95,0.96,0.96,,,,,,,
LKA,Sri Lanka,Median,19.8,15.3,10.3,9.2,16.3,12.7,8.4,7.5,1.22,1.21,1.22,1.22,0.97,0.97,0.99,1,,,,,,,
LKA,Sri Lanka,Upper,20.3,15.7,10.6,10,16.7,13,8.7,8.2,1.25,1.24,1.26,1.28,1,0.99,1.02,1.04,,,,,,,
LSO,Lesotho,Lower,70.4,84.7,72.8,60.2,58.9,70.8,60.5,50,1.12,1.12,1.12,1.11,0.95,0.95,0.94,0.94,,,,,,,
LSO,Lesotho,Median,76.7,91.3,81.9,75.3,64.4,76.5,68.3,62.6,1.19,1.19,1.2,1.2,1,1.01,1.02,1.01,,,,,,,
LSO,Lesotho,Upper,83.5,98.3,92.3,93.8,70.3,82.6,76.9,78.2,1.26,1.27,1.29,1.29,1.06,1.08,1.09,1.09,,,,,,,
LTU,Lithuania,Lower,14.3,10,5.7,2.7,11.3,8.2,4.7,2.3,1.21,1.17,1.14,1.11,0.97,0.95,0.94,0.93,,,,,,,
LTU,Lithuania,Median,14.8,10.6,6.1,3.5,11.8,8.6,5.1,3,1.26,1.23,1.2,1.18,1.01,0.99,0.99,0.99,,,,,,,
LTU,Lithuania,Upper,15.4,11.1,6.5,4.6,12.3,9.1,5.4,3.9,1.3,1.28,1.26,1.25,1.04,1.04,1.04,1.05,,,,,,,
LUX,Luxembourg,Lower,7.3,3.8,1.7,1.1,6,3.1,1.4,1,1.14,1.11,1.1,1.1,0.94,0.93,0.93,0.93,,,,,,,
LUX,Luxembourg,Median,8,4.2,2,1.6,6.5,3.5,1.7,1.3,1.23,1.2,1.2,1.2,1.01,1.01,1,1,,,,,,,
LUX,Luxembourg,Upper,8.7,4.7,2.4,2.3,7.1,3.9,2,1.9,1.32,1.3,1.3,1.3,1.08,1.09,1.09,1.09,,,,,,,
LVA,Latvia,Lower,17.9,15,8.3,5.6,13.9,12.4,7,4.7,1.24,1.16,1.12,1.11,0.99,0.93,0.91,0.91,,,,,,,
LVA,Latvia,Median,18.6,15.8,8.8,7.5,14.5,13.1,7.5,6.4,1.28,1.21,1.18,1.18,1.03,0.97,0.96,0.97,,,,,,,
LVA,Latvia,Upper,19.4,16.7,9.4,10.3,15.1,13.9,8,8.7,1.33,1.26,1.25,1.25,1.07,1.01,1.02,1.03,,,,,,,
MAR,Morocco,Lower,64.1,42.3,26.4,19.6,54.5,34.7,21.3,15.6,1.12,1.14,1.15,1.16,0.94,0.94,0.93,0.93,,,,,,,
MAR,Morocco,Median,68.1,46.1,31.4,26.2,57.9,38,25.3,21,1.18,1.21,1.24,1.25,0.99,1,1,1,,,,,,,
MAR,Morocco,Upper,72.1,50.1,36.5,34.7,61.4,41.3,29.5,27.9,1.24,1.29,1.33,1.35,1.04,1.06,1.07,1.08,,,,,,,
MCO,Monaco,Lower,6.4,4.4,3.3,2.5,5.1,3.5,2.6,2,1.18,1.18,1.17,1.16,0.98,0.99,0.98,0.97,,,,,,,
MCO,Monaco,Median,7.1,4.7,3.6,3.1,5.6,3.8,2.9,2.5,1.25,1.24,1.24,1.24,1.04,1.04,1.04,1.04,,,,,,,
MCO,Monaco,Upper,7.8,5,3.9,3.9,6.3,4,3.2,3.2,1.33,1.31,1.32,1.32,1.1,1.1,1.11,1.11,,,,,,,
MDA,Moldova,Lower,26.5,24.2,14.3,10.7,20.6,18.9,11.2,8.4,1.17,1.17,1.16,1.16,0.94,0.94,0.93,0.93,,,,,,,
MDA,Moldova,Median,30.5,29,16.4,15.2,23.9,22.8,13,12,1.28,1.27,1.27,1.27,1.03,1.02,1.02,1.01,,,,,,,
MDA,Moldova,Upper,35.3,34.2,19.6,22.2,27.7,27,15.4,17.6,1.4,1.4,1.4,1.39,1.13,1.12,1.12,1.12,,,,,,,
MDG,Madagascar,Lower,98.1,69,37.2,27.3,85.4,59.1,30.8,22.4,1.1,1.11,1.13,1.13,0.94,0.93,0.93,0.92,,,,,,,
MDG,Madagascar,Median,104.6,74.8,45.9,39.3,91.2,64.2,38.1,32.3,1.15,1.17,1.2,1.22,0.98,0.98,0.99,0.99,,,,,,,
MDG,Madagascar,Upper,111.3,81.3,55.9,54.9,97.3,69.6,46.6,45.5,1.2,1.23,1.28,1.3,1.03,1.04,1.05,1.06,,,,,,,
MDV,Maldives,Lower,67.7,35.6,11.4,6.6,56.4,28.7,9.1,5.4,1.11,1.15,1.16,1.13,0.93,0.93,0.94,0.93,,,,,,,
MDV,Maldives,Median,74.1,39.2,12.4,8.1,62,31.8,9.9,6.6,1.2,1.23,1.24,1.22,1.01,1,1,1,,,,,,,
MDV,Maldives,Upper,81,43,13.3,10,67.9,34.9,10.8,8.2,1.29,1.33,1.34,1.32,1.09,1.08,1.08,1.08,,,,,,,
MEX,Mexico,Lower,37.2,22.1,15.5,11,30.7,18,12.7,9,1.14,1.18,1.21,1.18,0.93,0.94,0.96,0.95,,,,,,,
MEX,Mexico,Median,40.5,23.8,15.8,12.4,33.5,19.4,12.9,10.2,1.21,1.23,1.22,1.22,0.99,0.98,0.98,0.98,,,,,,,
MEX,Mexico,Upper,44.1,25.5,16.2,14,36.6,20.8,13.2,11.5,1.28,1.28,1.24,1.26,1.05,1.02,1,1.02,,,,,,,
MHL,Marshall Islands,Lower,37.5,31.9,29.6,24.4,30.2,25.2,23.2,19.1,1.13,1.15,1.17,1.17,0.93,0.93,0.95,0.94,,,,,,,
MHL,Marshall Islands,Median,43.9,37.1,35.5,33,35.3,29.6,27.8,25.9,1.24,1.26,1.27,1.27,1.02,1.02,1.03,1.03,,,,,,,
MHL,Marshall Islands,Upper,51,43.2,42.1,44.3,41.1,34.3,33.3,34.7,1.37,1.38,1.4,1.4,1.12,1.12,1.13,1.13,,,,,,,
MKD,Macedonia,Lower,33.4,14.6,8.7,2.9,30,12.5,7.4,2.5,1.08,1.12,1.11,1.07,0.87,0.9,0.9,0.89,,,,,,,
MKD,Macedonia,Median,34.7,15.3,9.3,5.1,31.2,13.1,8,4.5,1.11,1.16,1.17,1.14,0.9,0.93,0.95,0.95,,,,,,,
MKD,Macedonia,Upper,36.1,16,10,7.7,32.5,13.8,8.6,6.7,1.15,1.21,1.23,1.21,0.93,0.97,1,1.01,,,,,,,
MLI,Mali,Lower,132.6,116.8,76.2,64,113.8,100.7,65,54.3,1.13,1.11,1.1,1.1,0.97,0.95,0.93,0.93,,,,,,,
MLI,Mali,Median,140.3,124.3,89.2,80.4,120.5,107.3,76.2,68.2,1.16,1.16,1.17,1.18,1.01,1,0.99,0.99,,,,,,,
MLI,Mali,Upper,148.2,132.6,105.3,106.3,127.5,114.7,90,90.1,1.2,1.21,1.24,1.26,1.04,1.04,1.06,1.06,,,,,,,
MLT,Malta,Lower,10.3,6.8,5.4,4.4,8.4,5.6,4.5,3.7,1.14,1.11,1.1,1.09,0.92,0.92,0.91,0.91,,,,,,,
MLT,Malta,Median,11,7.4,6,5.5,9,6.2,5.1,4.7,1.22,1.2,1.18,1.17,0.99,0.98,0.98,0.98,,,,,,,
MLT,Malta,Upper,11.8,8.1,6.8,7,9.7,6.8,5.7,6,1.3,1.28,1.28,1.27,1.05,1.05,1.06,1.06,,,,,,,
MMR,Myanmar,Lower,79,61.9,43.1,34.1,63.9,49.7,34.3,27.1,1.14,1.15,1.15,1.15,0.96,0.96,0.95,0.94,,,,,,,
MMR,Myanmar,Median,86.2,67,50.8,43.8,70,54.1,40.6,34.9,1.23,1.24,1.25,1.26,1.04,1.04,1.03,1.03,,,,,,,
MMR,Myanmar,Upper,94.2,72.9,59.2,55.6,77.1,59.1,47.4,44.2,1.33,1.35,1.37,1.38,1.13,1.13,1.13,1.13,,,,,,,
MNE,Montenegro,Lower,14.9,12.6,6,3.6,13,10.9,5.3,3.2,1.07,1.08,1.05,1.04,0.86,0.87,0.87,0.87,,,,,,,
MNE,Montenegro,Median,15.8,13.4,6.6,4.6,13.9,11.6,5.9,4.1,1.14,1.15,1.13,1.12,0.91,0.93,0.94,0.94,,,,,,,
MNE,Montenegro,Upper,16.8,14.3,7.3,5.8,14.7,12.4,6.5,5.2,1.21,1.23,1.22,1.21,0.97,0.99,1.01,1.02,,,,,,,
MNG,Mongolia,Lower,83.4,52.1,24.8,16.7,56.6,35,16.5,11,1.3,1.31,1.33,1.32,1.1,1.09,1.06,1.05,,,,,,,
MNG,Mongolia,Median,90.9,57,29.9,22.8,62.3,38.7,19.9,15.1,1.46,1.48,1.5,1.51,1.24,1.22,1.21,1.2,,,,,,,
MNG,Mongolia,Upper,98.8,62.5,35.4,29.9,68.8,43.1,23.9,20.2,1.62,1.63,1.69,1.7,1.37,1.35,1.36,1.36,,,,,,,
MOZ,Mozambique,Lower,154.4,112.1,68.7,49,140.2,101.8,60.5,42.5,1.05,1.06,1.07,1.08,0.91,0.91,0.91,0.9,,,,,,,
MOZ,Mozambique,Median,167.1,120.3,76.3,60.5,152,109.3,67.3,52.7,1.1,1.1,1.13,1.15,0.95,0.95,0.96,0.96,,,,,,,
MOZ,Mozambique,Upper,181.1,129,85,75.4,165,117.5,75,65.5,1.15,1.15,1.2,1.23,1,0.99,1.01,1.02,,,,,,,
MRT,Mauritania,Lower,80.8,79,65.2,61.2,64.6,62.3,52.1,49,1.17,1.19,1.17,1.16,0.99,1,0.98,0.97,,,,,,,
MRT,Mauritania,Median,86.2,84.7,77.7,73.4,69.2,67.2,62.2,58.7,1.25,1.26,1.25,1.25,1.05,1.07,1.05,1.05,,,,,,,
MRT,Mauritania,Upper,92.2,91.3,97.3,98.4,74.3,72.5,77.9,79.2,1.32,1.34,1.34,1.34,1.12,1.13,1.13,1.13,,,,,,,
MUS,Mauritius,Lower,21.5,17.7,14,10,16.3,13.4,10.9,7.8,1.27,1.26,1.21,1.2,1.01,1.01,0.97,0.97,,,,,,,
MUS,Mauritius,Median,22.5,18.5,14.9,13.2,17.1,14.1,11.7,10.4,1.32,1.31,1.28,1.27,1.05,1.05,1.03,1.03,,,,,,,
MUS,Mauritius,Upper,23.5,19.5,15.9,17.4,17.8,14.9,12.5,13.7,1.37,1.37,1.35,1.35,1.1,1.1,1.08,1.09,,,,,,,
MWI,Malawi,Lower,141.2,103.3,55,36.7,127.5,91.5,47.1,30.9,1.07,1.09,1.11,1.11,0.92,0.93,0.92,0.92,,,,,,,
MWI,Malawi,Median,149.6,109.6,61.7,47,135.1,97.1,53,39.6,1.11,1.13,1.17,1.19,0.96,0.97,0.97,0.98,,,,,,,
MWI,Malawi,Upper,159,116.2,69.7,63.2,143.6,103.1,59.8,53,1.15,1.17,1.23,1.26,1,1,1.03,1.04,,,,,,,
MYS,Malaysia,Lower,15.4,9.4,7.4,5.9,11.9,7.4,5.8,4.7,1.19,1.2,1.22,1.19,0.96,0.97,1,0.98,,,,,,,
MYS,Malaysia,Median,16,9.7,7.6,6.6,12.5,7.7,6,5.3,1.28,1.27,1.26,1.24,1.03,1.03,1.03,1.03,,,,,,,
MYS,Malaysia,Upper,16.6,10,7.8,7.5,13.1,8,6.2,6,1.37,1.34,1.3,1.3,1.1,1.09,1.07,1.08,,,,,,,
NAM,Namibia,Lower,49.8,49.7,35.6,27.6,41.7,41.3,29.1,22.4,1.12,1.13,1.14,1.14,0.93,0.94,0.93,0.92,,,,,,,
NAM,Namibia,Median,53.8,53.8,41.2,36.1,45.2,44.8,33.7,29.4,1.19,1.2,1.22,1.23,0.99,1,1,1,,,,,,,
NAM,Namibia,Upper,58.2,58.4,48,47.2,49,48.8,39.5,38.4,1.27,1.28,1.31,1.32,1.05,1.06,1.07,1.07,,,,,,,
NER,Niger,Lower,137.9,101.6,65.4,53.3,122.4,88.8,55.4,44.9,1.08,1.09,1.11,1.11,0.93,0.93,0.93,0.93,,,,,,,
NER,Niger,Median,146,107.6,71.4,61.8,129.8,94.3,60.6,52.1,1.12,1.14,1.18,1.19,0.97,0.98,0.99,0.99,,,,,,,
NER,Niger,Upper,154.7,114.6,78.2,73.4,137.7,100.4,66.5,62.1,1.17,1.19,1.25,1.27,1.02,1.02,1.05,1.06,,,,,,,
NGA,Nigeria,Lower,127.9,114,79.7,60,108.2,96.6,66.3,49.6,1.14,1.14,1.14,1.14,0.98,0.98,0.97,0.96,,,,,,,
NGA,Nigeria,Median,136.1,120.9,88.7,75.7,115.3,102.6,74,62.9,1.18,1.18,1.2,1.2,1.02,1.01,1.02,1.01,,,,,,,
NGA,Nigeria,Upper,144.8,127.9,98.4,94.5,122.9,108.8,82.2,78.7,1.23,1.22,1.26,1.27,1.06,1.05,1.07,1.07,,,,,,,
NIC,Nicaragua,Lower,51.8,32.9,18.4,13,42.7,26.4,14.6,10.3,1.15,1.16,1.17,1.16,0.95,0.94,0.93,0.93,,,,,,,
NIC,Nicaragua,Median,55.6,36,24.4,20.9,45.9,29.1,19.5,16.6,1.21,1.24,1.26,1.26,1.01,1,1.01,1.01,,,,,,,
NIC,Nicaragua,Upper,59.6,39.4,32.9,33,49.3,31.8,26.2,26.1,1.28,1.32,1.35,1.36,1.06,1.07,1.08,1.09,,,,,,,
NIU,Niue,Lower,8.8,14.4,12.8,9.9,7.1,11.5,10.3,7.9,1.12,1.13,1.13,1.13,0.91,0.91,0.91,0.91,,,,,,,
NIU,Niue,Median,13.1,21.8,24.6,21.6,10.6,17.4,19.5,17.3,1.24,1.25,1.25,1.25,1,1,1,1,,,,,,,
NIU,Niue,Upper,19.3,32.1,45.2,44,15.5,26,36.4,35.6,1.37,1.38,1.38,1.38,1.1,1.1,1.1,1.1,,,,,,,
NLD,Netherlands,Lower,7.5,5.5,3.9,3.1,5.7,4.4,3.2,2.6,1.27,1.2,1.17,1.16,1.04,1,0.98,0.97,,,,,,,
NLD,Netherlands,Median,7.6,5.6,4,3.5,5.9,4.6,3.3,2.9,1.31,1.24,1.22,1.22,1.07,1.04,1.02,1.02,,,,,,,
NLD,Netherlands,Upper,7.8,5.8,4.1,3.9,6,4.7,3.4,3.2,1.34,1.28,1.27,1.28,1.11,1.07,1.07,1.08,,,,,,,
NOR,Norway,Lower,7.6,4.2,2.7,1.9,5.9,3.3,2.2,1.5,1.22,1.19,1.18,1.16,1,1,0.99,0.97,,,,,,,
NOR,Norway,Median,7.9,4.4,2.8,2.2,6.2,3.5,2.3,1.8,1.27,1.24,1.24,1.23,1.05,1.04,1.04,1.03,,,,,,,
NOR,Norway,Upper,8.2,4.6,3,2.6,6.4,3.7,2.4,2.1,1.33,1.3,1.31,1.31,1.09,1.1,1.1,1.1,,,,,,,
NPL,Nepal,Lower,96.9,59,34.1,25.3,86.9,52.5,29.5,21.6,1.07,1.07,1.08,1.09,0.91,0.89,0.88,0.88,,,,,,,
NPL,Nepal,Median,102.8,63,38.8,31.7,92.3,56.1,33.6,27,1.11,1.12,1.15,1.17,0.95,0.94,0.94,0.94,,,,,,,
NPL,Nepal,Upper,109.1,67.2,44.1,39.4,98,59.9,38.3,33.6,1.16,1.18,1.23,1.26,0.99,0.99,1,1.01,,,,,,,
NRU,Nauru,Lower,31.4,31.5,25.7,20.2,25.9,25.5,20.7,16.2,1.1,1.12,1.12,1.12,0.91,0.91,0.91,0.91,,,,,,,
NRU,Nauru,Median,48.3,36.6,35.3,32.1,39.8,29.7,28.5,25.8,1.21,1.23,1.24,1.24,1,1,1,1,,,,,,,
NRU,Nauru,Upper,73.1,42.5,46,48.1,60.8,34.6,37.3,38.6,1.34,1.36,1.37,1.37,1.1,1.1,1.1,1.1,,,,,,,
NZL,New Zealand,Lower,9.9,6.5,5.4,4.4,7.8,5.2,4.3,3.5,1.23,1.19,1.18,1.16,0.99,0.99,0.98,0.97,,,,,,,
NZL,New Zealand,Median,10.2,6.7,5.6,5.2,8,5.4,4.6,4.2,1.27,1.24,1.24,1.23,1.04,1.03,1.04,1.03,,,,,,,
NZL,New Zealand,Upper,10.6,7,5.9,6.1,8.3,5.6,4.8,5,1.32,1.29,1.3,1.31,1.08,1.08,1.09,1.1,,,,,,,
OMN,Oman,Lower,31.2,13.8,10.5,9.9,25.4,11.1,8.5,8,1.13,1.14,1.12,1.12,0.91,0.91,0.91,0.91,,,,,,,
OMN,Oman,Median,35.2,15.7,11,10.9,28.7,12.7,9,8.9,1.23,1.24,1.23,1.23,0.99,0.99,0.99,1,,,,,,,
OMN,Oman,Upper,39.8,18,11.6,12.1,32.6,14.5,9.5,9.9,1.33,1.35,1.34,1.34,1.07,1.08,1.09,1.09,,,,,,,
PAK,Pakistan,Lower,107.9,88.8,71,57.3,96,78.7,62,49.8,1.08,1.08,1.08,1.08,0.92,0.92,0.91,0.91,,,,,,,
PAK,Pakistan,Median,112,92.7,78.2,70.3,99.9,82.4,68.5,61,1.12,1.13,1.14,1.15,0.96,0.96,0.97,0.97,,,,,,,
PAK,Pakistan,Upper,116.5,96.9,86.9,86.3,104,86.2,76.2,74.9,1.17,1.17,1.21,1.23,1,1,1.02,1.03,,,,,,,
PAN,Panama,Lower,25.1,20.9,13.7,9.9,20.1,16.7,10.9,7.9,1.13,1.14,1.14,1.14,0.91,0.91,0.91,0.91,,,,,,,
PAN,Panama,Median,28.4,24.2,18.8,16.2,22.8,19.4,15,12.9,1.24,1.25,1.25,1.25,1,1,1,1,,,,,,,
PAN,Panama,Upper,31.7,27.7,25.5,25.6,25.6,22.2,20.5,20.6,1.36,1.37,1.37,1.37,1.09,1.09,1.09,1.09,,,,,,,
PER,Peru,Lower,57.9,30.1,16.1,11.6,49.3,25,13.2,9.5,1.13,1.15,1.15,1.14,0.94,0.92,0.92,0.92,,,,,,,
PER,Peru,Median,60.8,32.2,18,14.4,51.7,26.8,14.6,11.8,1.17,1.2,1.23,1.22,0.98,0.97,0.98,0.98,,,,,,,
PER,Peru,Upper,63.6,34.4,20,18.2,54.3,28.7,16.4,14.9,1.22,1.26,1.3,1.31,1.02,1.02,1.04,1.05,,,,,,,
PHL,Philippines,Lower,43.3,31.4,24.6,18.9,33.4,24.3,19.1,14.7,1.23,1.22,1.2,1.2,1.01,0.98,0.96,0.96,,,,,,,
PHL,Philippines,Median,45.9,33.6,27.9,24.9,35.5,26.1,21.7,19.4,1.29,1.29,1.28,1.29,1.06,1.04,1.03,1.03,,,,,,,
PHL,Philippines,Upper,48.5,36,31.4,31.6,37.7,28,24.5,24.5,1.36,1.37,1.37,1.38,1.12,1.11,1.1,1.11,,,,,,,
PLW,Palau,Lower,29,21.6,11.9,8.7,23.2,17.1,9.5,7,1.13,1.14,1.14,1.14,0.91,0.91,0.91,0.91,,,,,,,
PLW,Palau,Median,34.2,25.4,18.5,15.8,27.5,20.2,14.7,12.5,1.24,1.25,1.26,1.25,1,1,1,1,,,,,,,
PLW,Palau,Upper,40.3,29.8,28.7,29,32.6,23.8,22.8,23.1,1.37,1.39,1.39,1.39,1.11,1.11,1.11,1.11,,,,,,,
PNG,Papua New Guinea,Lower,63.4,54.9,40.9,31.4,53.9,46.5,34.3,25.9,1.07,1.08,1.08,1.09,0.9,0.9,0.9,0.9,,,,,,,
PNG,Papua New Guinea,Median,70.2,62.9,54.6,48.4,59.9,53.5,45.9,40.3,1.17,1.18,1.19,1.2,0.99,0.99,0.99,0.99,,,,,,,
PNG,Papua New Guinea,Upper,77.8,72.1,74.4,75.6,66.6,61.4,62.6,62.8,1.28,1.28,1.3,1.31,1.08,1.07,1.08,1.08,,,,,,,
POL,Poland,Lower,16.5,8.6,5.3,4.3,12.9,7.1,4.4,3.6,1.26,1.17,1.16,1.14,1,0.96,0.97,0.96,,,,,,,
POL,Poland,Median,16.9,8.8,5.4,4.8,13.2,7.3,4.5,4.1,1.28,1.2,1.19,1.19,1.03,0.98,1,1,,,,,,,
POL,Poland,Upper,17.3,9,5.6,5.6,13.5,7.5,4.7,4.7,1.31,1.23,1.23,1.24,1.05,1.01,1.03,1.04,,,,,,,
PRK,Korea DPR,Lower,28.6,37.9,21.4,17.1,23.2,31.1,17.1,13.6,1.12,1.09,1.12,1.13,0.9,0.9,0.9,0.9,,,,,,,
PRK,Korea DPR,Median,36.8,48.6,27.4,21.9,29.8,40,22,17.5,1.24,1.22,1.25,1.25,1,1,1,1,,,,,,,
PRK,Korea DPR,Upper,47.3,62.4,35.1,28.1,38.4,51.6,28.4,22.5,1.37,1.34,1.38,1.39,1.11,1.11,1.11,1.11,,,,,,,
PRT,Portugal,Lower,12.5,5.8,3.2,2.7,10,4.8,2.7,2.3,1.21,1.16,1.12,1.11,0.97,0.96,0.94,0.93,,,,,,,
PRT,Portugal,Median,12.8,6,3.4,3.2,10.2,5,2.9,2.7,1.25,1.2,1.17,1.17,1,1,0.98,0.98,,,,,,,
PRT,Portugal,Upper,13.1,6.2,3.5,3.9,10.5,5.2,3,3.3,1.28,1.24,1.23,1.24,1.04,1.03,1.03,1.04,,,,,,,
PRY,Paraguay,Lower,36.6,26.7,16.9,12.3,30.4,21.9,13.7,10,1.11,1.12,1.13,1.13,0.91,0.9,0.9,0.9,,,,,,,
PRY,Paraguay,Median,40.3,30.4,22.4,19.2,33.6,24.9,18.2,15.6,1.2,1.22,1.23,1.23,0.98,0.98,0.98,0.98,,,,,,,
PRY,Paraguay,Upper,44.4,34.6,29.6,29.6,37.1,28.5,24.2,24,1.3,1.32,1.34,1.34,1.06,1.06,1.07,1.07,,,,,,,
PSE,State of Palestine,Lower,34.7,24.3,18.5,14.9,30.9,21.2,15.8,12.7,1.05,1.08,1.09,1.08,0.85,0.86,0.87,0.86,,,,,,,
PSE,State of Palestine,Median,37.5,26.5,21.7,19.4,33.5,23.1,18.6,16.6,1.12,1.15,1.17,1.17,0.91,0.92,0.93,0.94,,,,,,,
PSE,State of Palestine,Upper,40.6,28.8,25.4,25.3,36.2,25.1,21.8,21.7,1.2,1.22,1.25,1.26,0.98,0.98,1,1.01,,,,,,,
QAT,Qatar,Lower,17.9,10.9,7.9,6.7,14.9,9.1,6.6,5.6,1.13,1.12,1.12,1.11,0.9,0.9,0.92,0.92,,,,,,,
QAT,Qatar,Median,19.4,11.5,8.4,7.4,16.1,9.7,7,6.2,1.21,1.19,1.19,1.19,0.96,0.96,0.97,0.98,,,,,,,
QAT,Qatar,Upper,20.8,12.2,8.8,8.2,17.4,10.3,7.4,6.9,1.28,1.26,1.27,1.27,1.02,1.02,1.03,1.04,,,,,,,
ROU,Romania,Lower,33.8,25.2,13.1,9.5,26.9,20.2,10.5,7.7,1.23,1.22,1.21,1.18,0.99,0.97,0.98,0.95,,,,,,,
ROU,Romania,Median,34.4,25.7,13.4,10.7,27.4,20.6,10.7,8.7,1.26,1.24,1.25,1.23,1.01,1,1,1,,,,,,,
ROU,Romania,Upper,35.1,26.2,13.7,12,28,21.1,11,9.8,1.28,1.27,1.28,1.29,1.03,1.02,1.03,1.04,,,,,,,
RUS,Russian Federation,Lower,24.7,22,11.2,7.8,18.1,16.6,8.8,6.2,1.34,1.31,1.25,1.21,1.07,1.04,1.01,0.99,,,,,,,
RUS,Russian Federation,Median,25.2,22.4,11.5,9.1,18.5,16.9,9.1,7.2,1.36,1.32,1.27,1.26,1.09,1.06,1.03,1.03,,,,,,,
RUS,Russian Federation,Upper,25.6,22.8,11.8,10.7,18.9,17.2,9.3,8.5,1.37,1.34,1.29,1.31,1.1,1.08,1.05,1.07,,,,,,,
RWA,Rwanda,Lower,94,108.6,43.3,25.8,81.3,94.5,35.9,20.9,1.11,1.09,1.14,1.15,0.94,0.94,0.93,0.93,,,,,,,
RWA,Rwanda,Median,99.7,116.5,47.7,34.2,86.3,101.5,39.6,27.8,1.15,1.15,1.21,1.23,0.98,0.99,0.99,1,,,,,,,
RWA,Rwanda,Upper,105.5,125.4,52.5,44.8,91.6,109.1,43.7,36.8,1.2,1.21,1.28,1.31,1.03,1.04,1.05,1.06,,,,,,,
SAU,Saudi Arabia,Lower,31.4,18.4,11.1,8,27,15.8,9.6,6.9,1.06,1.07,1.06,1.06,0.86,0.85,0.85,0.85,,,,,,,
SAU,Saudi Arabia,Median,38,20.9,15.7,13.4,32.8,17.9,13.5,11.6,1.16,1.17,1.17,1.17,0.95,0.93,0.93,0.94,,,,,,,
SAU,Saudi Arabia,Upper,46,23.6,22.5,23.2,39.7,20.3,19.4,20,1.26,1.26,1.27,1.27,1.03,1.01,1.01,1.02,,,,,,,
SDN,Sudan,Lower,81.1,68.4,51.7,43.4,67.7,56.8,42.6,35.7,1.13,1.12,1.12,1.12,0.95,0.94,0.93,0.93,,,,,,,
SDN,Sudan,Median,86.8,73.8,58.3,52,72.6,61.6,48.2,42.8,1.2,1.2,1.21,1.22,1.01,1.01,1.01,1.01,,,,,,,
SDN,Sudan,Upper,93,79.7,65.5,62.3,78,66.7,54.2,51.3,1.27,1.29,1.31,1.32,1.07,1.08,1.09,1.09,,,,,,,
SEN,Senegal,Lower,72.9,71.4,48.3,43.6,62,59.4,39.4,35.4,1.13,1.15,1.16,1.15,0.95,0.97,0.96,0.95,,,,,,,
SEN,Senegal,Median,75.8,74.5,51.3,46.5,64.5,62.2,41.9,37.8,1.17,1.2,1.22,1.23,0.99,1.01,1.01,1.01,,,,,,,
SEN,Senegal,Upper,78.7,78.1,54.7,51.9,67.1,65.1,44.8,42.4,1.22,1.25,1.3,1.31,1.03,1.06,1.07,1.08,,,,,,,
SGP,Singapore,Lower,6.4,3.2,2.2,1.8,5.3,2.7,1.8,1.5,1.15,1.13,1.13,1.12,0.95,0.95,0.95,0.94,,,,,,,
SGP,Singapore,Median,6.7,3.4,2.4,2.3,5.6,2.8,2,1.9,1.2,1.19,1.2,1.2,0.99,1,1.01,1,,,,,,,
SGP,Singapore,Upper,7,3.6,2.5,2.8,5.9,3,2.1,2.3,1.25,1.25,1.27,1.28,1.04,1.05,1.07,1.07,,,,,,,
SLB,Solomon Islands,Lower,30.5,25.9,21.6,16.3,25.5,21.7,18,13.5,1.06,1.07,1.07,1.07,0.86,0.86,0.86,0.86,,,,,,,
SLB,Solomon Islands,Median,35,29.8,28.9,25.7,29.3,24.9,24.1,21.4,1.2,1.2,1.2,1.21,0.97,0.96,0.97,0.97,,,,,,,
SLB,Solomon Islands,Upper,40.1,34,38.2,39.7,33.9,28.9,32.1,33,1.31,1.31,1.32,1.33,1.06,1.06,1.06,1.06,,,,,,,
SLE,Sierra Leone,Lower,155,142.2,106,79.3,136.6,126.5,92.1,68.2,1.07,1.07,1.09,1.09,0.93,0.93,0.93,0.93,,,,,,,
SLE,Sierra Leone,Median,165.9,151.3,114.1,93.2,146.5,134.7,99.5,80.5,1.13,1.12,1.15,1.16,0.98,0.97,0.98,0.98,,,,,,,
SLE,Sierra Leone,Upper,177.7,161,123.1,107,156.9,143.3,107.6,92.6,1.2,1.17,1.21,1.23,1.04,1.02,1.04,1.05,,,,,,,
SLV,El Salvador,Lower,46.1,26.8,15.4,11.3,37.9,21.5,12.3,9,1.12,1.15,1.15,1.15,0.93,0.92,0.92,0.92,,,,,,,
SLV,El Salvador,Median,50.2,29.6,19,16,41.4,23.9,15.2,12.8,1.21,1.24,1.25,1.25,1,1,1,1,,,,,,,
SLV,El Salvador,Upper,54.6,32.7,22.9,22,45.2,26.4,18.3,17.6,1.31,1.35,1.36,1.36,1.08,1.08,1.09,1.09,,,,,,,
SMR,San Marino,Lower,8.5,3.8,1.8,1.3,6.9,3.1,1.5,1.1,1.12,1.08,1.08,1.08,0.91,0.91,0.91,0.91,,,,,,,
SMR,San Marino,Median,10.7,5.3,3.3,2.8,8.7,4.5,2.8,2.3,1.23,1.19,1.19,1.19,1,1,1,1,,,,,,,
SMR,San Marino,Upper,13.5,7.6,6.2,6,11,6.4,5.2,5,1.36,1.32,1.31,1.31,1.1,1.1,1.1,1.1,,,,,,,
SOM,Somalia,Lower,98.3,91,76.3,56.9,85.3,79.2,65.9,49.2,1.06,1.06,1.06,1.07,0.91,0.91,0.91,0.91,,,,,,,
SOM,Somalia,Median,115.4,112.1,104.2,91.3,100.9,98,90.7,78.6,1.15,1.14,1.15,1.16,0.98,0.98,0.98,0.98,,,,,,,
SOM,Somalia,Upper,139,142,148.2,154.1,121.2,124.5,127.9,132.7,1.24,1.24,1.25,1.26,1.06,1.06,1.07,1.07,,,,,,,
SRB,Serbia,Lower,25.4,11.9,7.1,5.4,22.2,9.3,5.6,4.4,1.12,1.23,1.2,1.17,0.89,0.99,0.99,0.97,,,,,,,
SRB,Serbia,Median,26,12.2,7.4,6.5,22.8,9.6,5.9,5.2,1.14,1.27,1.26,1.24,0.92,1.02,1.03,1.03,,,,,,,
SRB,Serbia,Upper,26.7,12.5,7.7,7.8,23.4,9.9,6.1,6.3,1.17,1.31,1.31,1.3,0.94,1.06,1.08,1.08,,,,,,,
SSD,South Sudan,Lower,132.3,101.6,58.8,44.2,114.9,86.9,49.5,36.9,1.04,1.05,1.07,1.08,0.9,0.9,0.9,0.9,,,,,,,
SSD,South Sudan,Median,160,117.5,76.2,65.4,138.9,101.1,64.6,54.9,1.15,1.16,1.19,1.19,1,1,1,1,,,,,,,
SSD,South Sudan,Upper,190.1,136.7,97.2,96.5,165.3,118.1,82.6,80.4,1.27,1.29,1.31,1.32,1.1,1.1,1.1,1.1,,,,,,,
STP,Sao Tome & Principe,Lower,68.4,55.1,32.4,24.1,57,45.8,26.4,19.6,1.1,1.1,1.12,1.13,0.93,0.92,0.92,0.92,,,,,,,
STP,Sao Tome & Principe,Median,76.7,63.6,43.7,38.2,64,53.1,35.7,30.8,1.2,1.2,1.23,1.24,1.01,1,1,1,,,,,,,
STP,Sao Tome & Principe,Upper,86.3,73.4,59.7,58.9,72.5,61.4,48.5,47.7,1.3,1.3,1.34,1.35,1.1,1.09,1.1,1.1,,,,,,,
SUR,Suriname,Lower,38.6,26.9,14.4,10.7,30.8,21.2,11.4,8.4,1.15,1.17,1.17,1.17,0.94,0.94,0.94,0.93,,,,,,,
SUR,Suriname,Median,45.1,33.6,24.7,21.3,36.2,26.5,19.3,16.6,1.25,1.27,1.28,1.28,1.02,1.02,1.02,1.02,,,,,,,
SUR,Suriname,Upper,52.6,42.1,41.2,40.8,42.4,33.3,32.3,32.1,1.36,1.38,1.4,1.4,1.11,1.12,1.12,1.12,,,,,,,
SVK,Slovakia,Lower,17.2,10.9,7.4,5.9,13.2,8.8,6,4.9,1.26,1.2,1.18,1.15,1.01,0.97,0.97,0.95,,,,,,,
SVK,Slovakia,Median,17.6,11.3,7.7,6.4,13.5,9.1,6.3,5.2,1.3,1.24,1.23,1.22,1.04,1.01,1.01,1.01,,,,,,,
SVK,Slovakia,Upper,17.9,11.6,8,7,13.9,9.3,6.5,5.8,1.34,1.29,1.29,1.29,1.07,1.05,1.06,1.07,,,,,,,
SVN,Slovenia,Lower,9.3,4.7,2.7,2,7.4,3.9,2.2,1.7,1.19,1.14,1.11,1.11,0.96,0.95,0.93,0.93,,,,,,,
SVN,Slovenia,Median,9.7,5,2.9,2.3,7.8,4.1,2.4,2,1.25,1.2,1.19,1.19,1.02,1.01,1,1,,,,,,,
SVN,Slovenia,Upper,10.2,5.2,3.1,2.7,8.2,4.4,2.6,2.3,1.32,1.28,1.27,1.27,1.07,1.07,1.06,1.07,,,,,,,
SWE,Sweden,Lower,6.2,3.6,2.6,2.3,5,2.9,2.2,1.9,1.2,1.18,1.14,1.13,0.99,0.99,0.95,0.95,,,,,,,
SWE,Sweden,Median,6.4,3.7,2.8,2.6,5.2,3,2.3,2.2,1.25,1.23,1.19,1.19,1.03,1.03,1,1,,,,,,,
SWE,Sweden,Upper,6.6,3.9,2.9,3,5.3,3.2,2.4,2.5,1.29,1.28,1.25,1.26,1.07,1.08,1.05,1.06,,,,,,,
SWZ,Swaziland,Lower,53.6,83.5,55.4,35.8,43.8,69.4,45.9,29.2,1.14,1.12,1.12,1.13,0.95,0.95,0.94,0.93,,,,,,,
SWZ,Swaziland,Median,61.5,91.4,64.5,48.8,50.3,76.1,53.4,39.8,1.22,1.2,1.21,1.22,1.02,1.02,1.01,1.01,,,,,,,
SWZ,Swaziland,Upper,69.7,100.6,76,65.9,57.3,84,63.1,54,1.31,1.28,1.3,1.32,1.09,1.09,1.09,1.09,,,,,,,
SYC,Seychelles,Lower,13.8,11.8,11.6,9.8,11.7,10.1,9.8,8.3,1.07,1.06,1.06,1.06,0.86,0.85,0.85,0.86,,,,,,,
SYC,Seychelles,Median,15.3,13.2,13.1,12.6,13,11.3,11.2,10.7,1.18,1.17,1.17,1.18,0.94,0.94,0.94,0.95,,,,,,,
SYC,Seychelles,Upper,16.9,14.7,14.9,16,14.5,12.7,12.8,13.7,1.28,1.27,1.28,1.28,1.02,1.02,1.03,1.03,,,,,,,
SYR,Syria,Lower,30.6,20.2,12.3,8.8,25.4,16.1,10,7.1,1.14,1.17,1.14,1.13,0.91,0.93,0.92,0.91,,,,,,,
SYR,Syria,Median,33.1,21.9,14.5,12.2,27.5,17.6,11.8,9.9,1.2,1.24,1.23,1.23,0.97,0.99,0.99,0.99,,,,,,,
SYR,Syria,Upper,35.7,23.8,17.3,17,29.7,19.2,14.1,13.9,1.27,1.32,1.33,1.32,1.03,1.06,1.06,1.07,,,,,,,
TCD,Chad,Lower,116.2,106.4,87.5,72.9,100.9,91.2,74.5,62.1,1.09,1.1,1.1,1.1,0.94,0.94,0.94,0.93,,,,,,,
TCD,Chad,Median,123.7,113.5,100.7,91.8,107.6,97.5,85.9,78,1.15,1.17,1.17,1.18,0.99,1,1,1,,,,,,,
TCD,Chad,Upper,131.7,121.3,117.3,120.1,114.8,104.4,99.9,102.1,1.21,1.23,1.25,1.26,1.04,1.05,1.07,1.07,,,,,,,
TGO,Togo,Lower,91.7,78.1,59,49.2,76.4,63.5,48.1,39.9,1.14,1.16,1.15,1.15,0.97,0.98,0.96,0.96,,,,,,,
TGO,Togo,Median,98.1,83.7,65.2,57.6,81.8,68.1,53.2,46.7,1.2,1.23,1.23,1.23,1.02,1.04,1.03,1.02,,,,,,,
TGO,Togo,Upper,104.9,89.6,71.9,67.5,87.6,73.3,58.7,54.7,1.26,1.3,1.31,1.32,1.08,1.1,1.09,1.1,,,,,,,
THA,Thailand,Lower,32.1,19,10.3,7.4,23.9,14.1,7.8,5.6,1.25,1.25,1.22,1.2,1.01,1,0.98,0.97,,,,,,,
THA,Thailand,Median,34.5,21.9,14.1,11.9,25.8,16.2,10.7,9.1,1.33,1.35,1.32,1.3,1.08,1.08,1.06,1.06,,,,,,,
THA,Thailand,Upper,36.8,24.7,19.5,19.4,27.7,18.4,14.9,14.8,1.43,1.46,1.43,1.42,1.15,1.16,1.15,1.15,,,,,,,
TJK,Tajikistan,Lower,85.1,72.3,40.4,28.2,69.3,58.6,32.1,22.3,1.14,1.15,1.16,1.17,0.97,0.97,0.96,0.95,,,,,,,
TJK,Tajikistan,Median,93.5,81.8,49.6,42.9,76.2,66.4,39.5,33.9,1.23,1.23,1.25,1.27,1.04,1.04,1.04,1.03,,,,,,,
TJK,Tajikistan,Upper,102.6,92.4,61,66.2,83.9,75.3,48.4,52.4,1.32,1.33,1.36,1.38,1.12,1.12,1.12,1.12,,,,,,,
TKM,Turkmenistan,Lower,72.1,64.9,35.9,26.5,52.3,46.6,26.2,19.3,1.2,1.22,1.21,1.21,1.02,1.02,1,0.99,,,,,,,
TKM,Turkmenistan,Median,83,75.9,57.9,50.3,61.4,55.7,42.3,36.8,1.34,1.35,1.34,1.35,1.13,1.13,1.12,1.11,,,,,,,
TKM,Turkmenistan,Upper,95.3,89.1,87,87,70.9,65.4,64,63.7,1.61,1.62,1.63,1.64,1.35,1.36,1.35,1.35,,,,,,,
TLS,Timor Leste,Lower,126.6,84.3,47.3,33.9,112.2,73.3,40.2,28.7,1.05,1.08,1.09,1.1,0.91,0.92,0.91,0.91,,,,,,,
TLS,Timor Leste,Median,139.7,92,57.2,48.3,124,80.2,48.8,40.8,1.13,1.15,1.17,1.19,0.98,0.98,0.98,0.98,,,,,,,
TLS,Timor Leste,Upper,154.6,100.4,68.4,67.8,137.2,87.7,58.2,56.9,1.21,1.22,1.26,1.28,1.04,1.04,1.05,1.05,,,,,,,
TON,Tonga,Lower,12.3,9.8,8.9,7.5,16.1,13.1,11.8,9.9,0.53,0.53,0.53,0.53,0.43,0.43,0.43,0.43,,,,,,,
TON,Tonga,Median,16,12.9,12.8,12.4,21.2,17.2,16.9,16.3,0.74,0.73,0.73,0.73,0.59,0.59,0.59,0.59,,,,,,,
TON,Tonga,Upper,21.5,17.3,18.4,19.9,26.7,21.7,23.5,25.6,1.2,1.18,1.17,1.18,0.96,0.94,0.94,0.95,,,,,,,
TTO,Trinidad & Tobago,Lower,24.9,21,13.4,9.9,20.4,17,10.9,8,1.12,1.13,1.13,1.13,0.9,0.91,0.9,0.9,,,,,,,
TTO,Trinidad & Tobago,Median,29.4,27.9,23.1,20,24.1,22.7,18.8,16.2,1.22,1.23,1.23,1.23,0.98,0.98,0.99,0.99,,,,,,,
TTO,Trinidad & Tobago,Upper,34.2,37.9,42.9,41.3,28.1,30.9,34.8,33.6,1.32,1.33,1.34,1.35,1.06,1.07,1.07,1.07,,,,,,,
TUN,Tunisia,Lower,42.9,25.2,14.9,9.8,36,20.3,12.1,8,1.12,1.17,1.14,1.14,0.93,0.94,0.92,0.91,,,,,,,
TUN,Tunisia,Median,48.1,29.1,16.4,13.3,40.3,23.4,13.3,10.9,1.19,1.24,1.23,1.22,0.98,1,0.98,0.99,,,,,,,
TUN,Tunisia,Upper,53.7,33.5,18,17.7,45.1,27,14.8,14.5,1.26,1.32,1.32,1.32,1.04,1.06,1.05,1.06,,,,,,,
TUR,Turkey,Lower,55.7,31.8,16.6,11.6,48.9,27.3,14,9.8,1.07,1.09,1.1,1.09,0.9,0.88,0.88,0.88,,,,,,,
TUR,Turkey,Median,59.2,34.5,17.7,12.5,52.2,29.7,15,10.6,1.13,1.16,1.18,1.18,0.95,0.94,0.95,0.95,,,,,,,
TUR,Turkey,Upper,63.1,37.4,18.9,13.5,55.8,32.3,16,11.5,1.2,1.24,1.27,1.27,1,1,1.01,1.02,,,,,,,
TUV,Tuvalu,Lower,42,34,21.5,15.6,34.2,27.1,17,12.4,1.12,1.15,1.15,1.15,0.92,0.93,0.92,0.92,,,,,,,
TUV,Tuvalu,Median,48.8,37.9,29.2,25.3,39.8,30.4,23.2,20.1,1.23,1.25,1.26,1.26,1.01,1.01,1.01,1.01,,,,,,,
TUV,Tuvalu,Upper,57,42.3,39.5,40.2,46.5,34.1,31.5,31.7,1.34,1.36,1.38,1.38,1.1,1.1,1.11,1.1,,,,,,,
TZA,Tanzania,Lower,99.5,79,38.6,27.9,89.8,71.2,33.4,23.8,1.06,1.05,1.08,1.09,0.9,0.89,0.89,0.89,,,,,,,
TZA,Tanzania,Median,105.4,84.4,45.4,37.8,95.2,76.2,39.3,32.3,1.11,1.11,1.15,1.17,0.95,0.94,0.95,0.95,,,,,,,
TZA,Tanzania,Upper,111.2,90,53.2,51.1,100.8,81.4,46.1,43.5,1.16,1.17,1.23,1.26,0.99,0.99,1.01,1.02,,,,,,,
UGA,Uganda,Lower,112.6,92,48.8,32.8,97.6,77,39.9,26.4,1.1,1.14,1.15,1.16,0.95,0.97,0.95,0.95,,,,,,,
UGA,Uganda,Median,119,97.7,54.4,41.6,103.3,81.9,44.5,33.7,1.15,1.19,1.22,1.24,0.99,1.02,1.01,1.01,,,,,,,
UGA,Uganda,Upper,125.8,103.8,60.6,53.4,109.4,87.2,49.6,43.2,1.2,1.25,1.3,1.32,1.04,1.07,1.08,1.08,,,,,,,
UKR,Ukraine,Lower,16.6,15.9,10.7,7.5,13.1,12.5,8.4,6.1,1.16,1.16,1.14,1.13,0.93,0.93,0.92,0.92,,,,,,,
UKR,Ukraine,Median,18.7,17.6,11.2,8.5,14.7,13.9,9,6.9,1.27,1.27,1.25,1.24,1.01,1.01,1.01,1.01,,,,,,,
UKR,Ukraine,Upper,21.2,19.6,11.8,9.5,16.8,15.6,9.5,7.7,1.39,1.39,1.37,1.36,1.11,1.11,1.11,1.11,,,,,,,
URY,Uruguay,Lower,22.1,15.9,11.2,8.5,17.4,12.5,9.1,6.9,1.23,1.23,1.18,1.16,0.98,0.98,0.95,0.94,,,,,,,
URY,Uruguay,Median,22.6,16.4,11.7,9.5,17.9,12.8,9.5,7.8,1.26,1.27,1.23,1.22,1.01,1.02,0.99,0.99,,,,,,,
URY,Uruguay,Upper,23.2,16.8,12.1,10.7,18.4,13.2,9.9,8.7,1.3,1.32,1.29,1.29,1.04,1.06,1.04,1.05,,,,,,,
USA,United States of America,Lower,10.2,7.6,6.7,5,8.1,6.3,5.5,4.2,1.24,1.2,1.19,1.16,1,0.98,0.98,0.96,,,,,,,
USA,United States of America,Median,10.4,7.7,6.9,6.1,8.3,6.4,5.7,5,1.25,1.22,1.21,1.21,1.02,1,1,1,,,,,,,
USA,United States of America,Upper,10.6,7.9,7.1,7.3,8.5,6.5,5.9,6,1.27,1.23,1.23,1.26,1.04,1.02,1.02,1.05,,,,,,,
UZB,Uzbekistan,Lower,59.2,51.8,26.3,19.5,45.1,39.5,20,14.8,1.21,1.21,1.21,1.21,1.01,1.01,0.99,0.98,,,,,,,
UZB,Uzbekistan,Median,66.2,59.6,44.8,38.4,50.9,45.6,34,29.2,1.3,1.31,1.31,1.32,1.09,1.09,1.07,1.07,,,,,,,
UZB,Uzbekistan,Upper,74.2,68.7,72.4,73.1,57.2,52.6,54.7,55.6,1.41,1.42,1.45,1.46,1.18,1.18,1.18,1.18,,,,,,,
VCT,St Vincent & the Grenadines,Lower,20.3,19.2,18.4,14.5,17,16,15.2,12,1.11,1.11,1.12,1.12,0.89,0.89,0.89,0.89,,,,,,,
VCT,St Vincent & the Grenadines,Median,22,20.9,20.3,18.1,18.5,17.4,16.8,15,1.19,1.2,1.21,1.21,0.95,0.96,0.96,0.97,,,,,,,
VCT,St Vincent & the Grenadines,Upper,23.8,22.6,22.5,22.7,20.1,19,18.7,18.8,1.27,1.28,1.3,1.31,1.02,1.03,1.04,1.04,,,,,,,
VEN,Venezuela,Lower,26.6,20,15.1,11.3,20,15,11.5,8.7,1.19,1.19,1.18,1.18,0.96,0.95,0.95,0.95,,,,,,,
VEN,Venezuela,Median,27.8,20.8,16.1,14.4,21.4,16,12.4,11.2,1.3,1.3,1.29,1.29,1.04,1.04,1.03,1.03,,,,,,,
VEN,Venezuela,Upper,29.2,21.8,17.2,18.4,22.6,16.9,13.3,14.3,1.44,1.45,1.44,1.44,1.16,1.16,1.15,1.15,,,,,,,
VNM,Vietnam,Lower,38.6,27.2,21.4,18.5,29.6,20.5,16.1,14.1,1.22,1.23,1.22,1.21,1,0.99,0.97,0.97,,,,,,,
VNM,Vietnam,Median,41.2,29.6,22.4,19.6,31.7,22.5,17.1,15,1.3,1.32,1.31,1.31,1.06,1.06,1.05,1.04,,,,,,,
VNM,Vietnam,Upper,44.2,31.9,23.4,20.7,34.2,24.4,18,16,1.38,1.41,1.41,1.42,1.13,1.13,1.13,1.13,,,,,,,
VUT,Vanuatu,Lower,26.9,21.9,20.4,17.2,22.6,18.5,17.2,14.6,1.05,1.05,1.04,1.04,0.84,0.84,0.83,0.83,,,,,,,
VUT,Vanuatu,Median,31.7,25.8,25.8,25,26.6,21.7,21.8,21.1,1.2,1.2,1.19,1.19,0.97,0.96,0.95,0.96,,,,,,,
VUT,Vanuatu,Upper,36.9,30.1,32.5,35.6,31.4,25.5,27.7,30.2,1.32,1.32,1.31,1.32,1.06,1.05,1.05,1.05,,,,,,,
WSM,Samoa,Lower,24.6,17.3,13.8,11.4,20.4,14.4,11.4,9.4,1.09,1.09,1.1,1.1,0.87,0.87,0.88,0.88,,,,,,,
WSM,Samoa,Median,28,20.1,17.4,16.4,23.4,16.7,14.5,13.6,1.2,1.2,1.21,1.21,0.96,0.96,0.97,0.97,,,,,,,
WSM,Samoa,Upper,31.8,22.9,20.9,21.9,26.7,19.1,17.4,18.2,1.31,1.31,1.31,1.32,1.05,1.04,1.05,1.06,,,,,,,
YEM,Yemen,Lower,90.1,69.2,40.8,29.3,76.7,58.9,33.8,24,1.13,1.12,1.13,1.14,0.96,0.94,0.93,0.93,,,,,,,
YEM,Yemen,Median,95.6,74.4,46.2,37.1,81.4,63.4,38.5,30.4,1.17,1.17,1.2,1.22,1,0.99,0.99,0.99,,,,,,,
YEM,Yemen,Upper,101.2,80,52.4,46.6,86.4,68.2,43.7,38.3,1.22,1.23,1.27,1.3,1.04,1.04,1.05,1.06,,,,,,,
ZAF,South Africa,Lower,46.5,53.1,36.2,28.7,37,43,28.8,22.7,1.16,1.14,1.15,1.15,0.96,0.95,0.94,0.94,,,,,,,
ZAF,South Africa,Median,52.4,59.6,42.4,36.2,41.9,48.3,33.8,28.8,1.25,1.23,1.25,1.26,1.03,1.03,1.02,1.02,,,,,,,
ZAF,South Africa,Upper,58.5,67.2,49.1,44.5,47,54.4,39.4,35.4,1.35,1.34,1.37,1.38,1.12,1.12,1.12,1.12,,,,,,,
ZMB,Zambia,Lower,113.8,97.6,52.8,38.3,99.8,85.1,44.3,31.9,1.09,1.1,1.13,1.13,0.94,0.94,0.94,0.93,,,,,,,
ZMB,Zambia,Median,120.4,104,57.4,47.2,105.7,90.8,48.2,39.2,1.14,1.15,1.19,1.2,0.98,0.98,0.99,0.99,,,,,,,
ZMB,Zambia,Upper,127.4,110.9,62.5,57.5,112,97.1,52.7,48,1.19,1.2,1.26,1.28,1.02,1.02,1.05,1.05,,,,,,,
ZWE,Zimbabwe,Lower,53.1,64.9,55.7,39.6,41.6,51.8,44.4,31.5,1.2,1.18,1.17,1.17,1,0.99,0.98,0.97,,,,,,,
ZWE,Zimbabwe,Median,57.1,70.4,61.8,51.8,44.9,56.4,49.5,41.2,1.27,1.25,1.25,1.26,1.06,1.05,1.04,1.04,,,,,,,
ZWE,Zimbabwe,Upper,61.1,76,69.6,68.1,48.3,61.1,55.7,54.2,1.35,1.32,1.33,1.35,1.12,1.11,1.11,1.12,,,,,,,
,,,,,,,,,,,,,,,,,,,,,,,,,
"Note: Lower, Median and Upper refer to the lower bound, median and upper bound of 90% uncertainty intervals.",,,,,,,,,,,,,,,,,,,,,,,,,
"The P factor represents the expected to estimated female mortality rate, in more detail estimated sex ratio/expected sex ratio, where estimated sex ratio = estimated male mortality/estimated female mortality; expected sex ratio = estimated male mortality/expected female mortality.",,,,,,,,,,,,,,,,,,,,,,,,,